name,Average of FGA,Average of 3P%,Average of TRB,Average of BLK,Average of PTS
A.C. Green,324,0,313,8,367
A.J. Guyton,146.6666667,0.255,26.66666667,4,147.3333333
A.J. Hammons,42,0.5,36,13,48
A.J. Price,240.6666667,0.300166667,62.83333333,1.5,253.8333333
Aaron Brooks,547.8,0.3625,107.9,8.7,625.9
Aaron Gordon,611.4,0.3098,370.2,38.2,729.2
Aaron Gray,123.4285714,0,170,12.42857143,152.2857143
Aaron Harrison,30.66666667,0.169666667,14,0.666666667,26.33333333
Aaron Holiday,118,0.271,40,10,139
Aaron Jackson,9,0.25,3,0,8
Aaron McKie,374,0.299833333,188,10.14285714,436.5714286
Aaron Miles,18,,14,1,16
Aaron Williams,277.125,0.0666,242.625,43.75,352.375
Abdel Nader,111.5,0.3885,53.5,6,119.5
Acie Law,159.25,0.249,48.75,1,181.25
Adam Harrington,37,0.357,8,1,30
Adam Keefe,159,0.333,209,20,168
Adam Morrison,417.3333333,0.302666667,114,4,400
Adonal Foyle,232.7777778,0,295.4444444,106.8888889,252.7777778
Adonis Thomas,14,0.2,3,0,14
Adreian Payne,107.25,0.31475,78.75,6.75,107.25
Adrian Griffin,172.625,0.230571429,142.5,5.5,179.25
Al Harrington,785.5714286,0.314642857,377.4285714,16.78571429,918.8571429
Al Horford,709,0.345583333,529.1666667,75.5,879.9166667
Al Jefferson,881.7142857,0.080666667,549.2857143,78.07142857,1024.5
Al Thornton,757.25,0.27325,308.25,38,881.75
Alan Anderson,260.5,0.339875,89.25,3.875,302.625
Alan Henderson,216.1428571,0.25,216.2857143,19.85714286,264.1428571
Alan Williams,78.25,0,90,9.5,100.75
Alando Tucker,60.66666667,0.247,16.33333333,0.666666667,70.33333333
Alec Burks,404.125,0.35925,152.875,8.75,495.25
Alec Peters,74,0.31,37,2,82
Aleksandar Radojevic,19,,28,2,19
Alex Abrines,261.6666667,0.361333333,82.33333333,7.333333333,307
Alex Acker,46,0.275,14.5,2,40.5
Alex Caruso,58,0.302,33,5,67
Alex Garcia,29.5,0.278,7.5,0.5,23.5
Alex Kirk,4,,1,0,4
Alex Len,371,0.2694,400.8333333,64,473.5
Alex Poythress,48.33333333,0.356333333,35,3.666666667,59.33333333
Alex Stepheson,27,,28,5,22
Alexander Johnson,147,,137.5,22.5,219.5
Alexey Shved,402.3333333,0.309,118.3333333,16.33333333,449.6666667
Alexis Ajinca,183.2857143,0.0706,164.2857143,25.85714286,221.8571429
Al-Farouq Aminu,466.5555556,0.306333333,426.6666667,40.55555556,537.3333333
Alfonzo McKinnie,84,0.351,70.5,4.5,101.5
Alize Johnson,8,1,7,1,6
Allan Houston,992,0.3978,182,6.2,1206.4
Allan Ray,259,0.414,69,3,290
Allen Crabbe,431,0.397333333,157.5,15.83333333,522.1666667
Allen Iverson,1420.6,0.3108,228.3,10.3,1755
Allonzo Trier,278,0.362,100,13,348
Alonzo Gee,288.625,0.341125,170,12.625,344.25
Alonzo Mourning,303.5714286,0.111,251.4285714,98.57142857,436
Alton Ford,46,,41.33333333,2.666666667,62
Alvin Jones,20,,36,9,26
Alvin Williams,524,0.208,148.6666667,13.83333333,549.5
Amal McCaskill,61,0,63.66666667,10.33333333,58.66666667
Amar'e Stoudemire,786.3571429,0.183454545,473.7142857,75.28571429,1142.428571
Amile Jefferson,1,,1,0,2
Amir Johnson,316.0714286,0.290583333,330.6428571,59.5,430.2857143
Anderson Varejao,271.8461538,0.016666667,347,31.15384615,350.8461538
Andray Blatche,553.4444444,0.229444444,336,50.88888889,634
Andre Barrett,60.25,0.248333333,17.75,0.25,54.75
Andre Brown,53,0,59.33333333,2.666666667,65.66666667
Andre Dawkins,6,0.167,2,0,3
Andre Drummond,787.8571429,0.178857143,974.4285714,111.2857143,999.2857143
Andre Emmett,6.5,0,4,0.5,10
Andre Iguodala,684,0.336666667,367.8,35.4,884.6666667
Andre Ingram,17,0.556,6,3,24
Andre Miller,771.8125,0.2213125,282.1875,13.125,960.25
Andre Owens,90.5,0.319,34,1.5,96
Andre Roberson,233.6,0.2358,237.6,39,271.2
Andrea Bargnani,667.6,0.3281,254.1,47,787.3
Andreas Glyniadakis,17,,8,0,17
Andrei Kirilenko,510.5384615,0.29475,334.7692308,112.3846154,725.4615385
Andres Nocioni,559.75,0.338,286.875,28.5,676.875
Andrew Bogut,426.8461538,0.244444444,465.9230769,83.30769231,520.6923077
Andrew Bynum,430.75,0.066666667,402.625,82.125,602.75
Andrew DeClercq,165,,213,25,205.4
Andrew Goudelock,65.33333333,0.242,11.33333333,0.666666667,65.66666667
Andrew Harrison,280.6666667,0.269,95.66666667,16.33333333,337.3333333
Andrew Nicholson,303.4,0.29425,171.4,19,340
Andrew White,73,0.367,34,1,69
Andrew Wiggins,1188.6,0.3282,303.8,40,1431.4
Andris Biedrins,240.9,0,363.1,58,324.7
Andy Rautins,7,0.25,1,0,8
Anfernee Hardaway,364.7142857,0.283428571,149.5714286,11.85714286,378.7142857
Anfernee Simons,21,0,7,0,15
Ansu Sesay,92.75,0.268,55.75,7.5,100.25
Antawn Jamison,1133.857143,0.336642857,535.5,27.85714286,1339.428571
Ante Zizic,82,,81.5,10.5,123.5
Anthony Bennett,160.25,0.2585,118,6.75,164.5
Anthony Brown,59,0.515,34.33333333,2,53.66666667
Anthony Carter,211.1666667,0.17,91.91666667,9.166666667,209.25
Anthony Davis,1115.285714,0.228,679.1428571,155.2857143,1536.142857
Anthony Goldwire,54,0.2496,17,0,59.6
Anthony Grundy,38,0.333,17,0,52
Anthony Johnson,313.3,0.3467,106.1,7.5,346
Anthony Mason,657.6666667,0.5,610.6666667,19.66666667,847.6666667
Anthony Miller,2.5,,1.5,0,3
Anthony Morrow,486.6666667,0.407666667,135,8.333333333,591.8888889
Anthony Parker,603.8333333,0.404,253.5,13,724.5
Anthony Peeler,504.6,0.412,171.4,10.8,548.4
Anthony Randolph,249,0.124166667,179.6666667,37.33333333,298.1666667
Anthony Roberson,85,0.401,16.33333333,0.333333333,88.33333333
Anthony Tolliver,288.7272727,0.353727273,193.7272727,17.36363636,366.7272727
Antoine Rigaudeau,35,0.2,8,0,17
Antoine Walker,1176.25,0.322875,537.875,37,1238.5
Antoine Wright,249.8333333,0.2195,113.5,12,269
Antonio Anderson,3,,1,0,2
Antonio Blakeney,205.5,0.368,47.5,3.5,223
Antonio Burks,102,0.22,24.5,0.5,93
Antonio Daniels,403.4,0.2786,133,6.4,540.4
Antonio Davis,623.1666667,0,545.1666667,68.66666667,724.1666667
Antonio Harvey,15,,9.666666667,4.333333333,14.66666667
Antonio McDyess,510.3,0,469.4,47.3,601.8
Antonis Fotsis,104,0.304,62,11,108
Antonius Cleveland,21,0.75,14,5,23
Archie Goodwin,214,0.24925,82.75,9.5,260
Arinze Onuaku,7.666666667,,11.66666667,1.333333333,11.33333333
Armon Johnson,72,0.375,24.5,0.5,78.5
Arnett Moultrie,86,,90,7,105
Aron Baynes,248.4285714,0.1434,250.2857143,26.57142857,309
Arron Afflalo,603,0.375,197.8181818,12.81818182,745.2727273
Art Long,107.6666667,0.667,106.3333333,14,115
Arvydas Macijauskas,41,0.25,10,0,44
Arvydas Sabonis,438.5,0.2835,333,55.5,546
Austin Croshere,316.1111111,0.342333333,227,15.88888889,385.7777778
Austin Daye,235,0.332666667,127.3333333,19.5,253.6666667
Austin Rivers,532.2857143,0.345428571,132,11.28571429,599.2857143
Avery Bradley,611.1111111,0.321666667,162.8888889,12.11111111,659.6666667
Avery Johnson,270.25,0.04175,54.5,4.25,303.25
Awvee Storey,46.66666667,0.309666667,27,0.666666667,47.66666667
Axel Toupane,39.5,0.2875,16,3.5,43.5
Bam Adebayo,284.5,0.0625,334,38,404.5
Baron Davis,959.8333333,0.32025,251.5,28.41666667,1080.083333
Ben Bentil,3,0,2,0,0
Ben Gordon,826.5454545,0.386272727,168.2727273,10.36363636,1007.636364
Ben Handlogten,65,0,60,4.5,81.5
Ben Hansbrough,45,0.261,18,2,57
Ben McLemore,469,0.362166667,151.1666667,11.66666667,538.1666667
Ben Moore,0,,1,0,0
Ben Simmons,753.5,0,537.5,52,1006.5
Ben Uzoh,121.5,0.1875,64,5.5,119.5
Ben Wallace,389.8333333,0.145727273,754.25,152.8333333,445.3333333
Beno Udrih,455.5384615,0.345769231,131.6923077,5.461538462,534.7692308
Bernard James,51,0,70.66666667,20.33333333,67.66666667
Bernard Robinson,169.3333333,0.156666667,105,5.333333333,192
Bill Curley,47,0.5,37,9,63
Billy Owens,230,0.15,205,12,198
Billy Thomas,50.33333333,0.295666667,17.33333333,0.666666667,48
Bimbo Coles,146.75,0.181333333,43,3.5,140.75
Bismack Biyombo,248.25,0,436.25,97.5,339.875
Blake Ahearn,25.66666667,0.338666667,7.333333333,0,29.33333333
Blake Griffin,1029.666667,0.293666667,575.4444444,33.88888889,1375
Bo Outlaw,175.375,0.25,241.125,50,238
Bob Sura,485,0.3078,262.6,9.6,597.4
Boban Marjanovic,144,0,149,15.75,232.5
Bobby Brown,178.75,0.3215,25.75,1,172
Bobby Jackson,568.4444444,0.356444444,195.2222222,5.222222222,648
Bobby Jones,67.25,0.21275,43.75,1,84.5
Bobby Portis,441.75,0.33325,306.25,15.75,498.5
Bobby Simmons,355.2,0.2756,179.1,8.3,418.9
Bogdan Bogdanovic,592.5,0.383,170,11,704.5
Bojan Bogdanovic,703.6,0.3912,237.6,5.8,908.2
Boniface N'Dong,53,0,37,5,50
Bonzi Wells,701.375,0.28575,318.25,22.375,817
Boris Diaw,550.7857143,0.316857143,331,36.42857143,652.7857143
Bostjan Nachbar,305.6666667,0.333,139.3333333,14,375.3333333
Bracey Wright,55.5,0.3265,19.5,0.5,64.5
Brad Miller,561.9166667,0.325166667,482.4166667,44.91666667,755.25
Brad Wanamaker,51,0.455,18,0,65
Bradley Beal,1022,0.388571429,247.7142857,24.28571429,1239.714286
Brandan Wright,209.5,0,156,42.5,297.6
Branden Dawson,5,,4,1,5
Brandin Knight,1,,0,0,0
Brandon Armstrong,95.66666667,0.275333333,21,1.333333333,79.66666667
Brandon Bass,427.0833333,0.105222222,287.3333333,39.91666667,547.9166667
Brandon Davies,132.5,0.2175,96,7.5,143
Brandon Goodwin,13,0.667,2,0,16
Brandon Hunter,94.5,0,93.5,4,110
Brandon Ingram,635.6666667,0.328,266,33.66666667,749.3333333
Brandon Jennings,788.7777778,0.335111111,184.3333333,10.88888889,866.7777778
Brandon Knight,727.7142857,0.326142857,183.7142857,10,836.5714286
Brandon Paul,127,0.278,68,7,147
Brandon Roy,808.1666667,0.292833333,231.3333333,12.66666667,1022.666667
Brandon Rush,317.8888889,0.322666667,157,29.11111111,361.1111111
Brandon Williams,7,0,2,0,2
Brendan Haywood,307.6153846,0,375,85.30769231,426
Brent Barry,417.3333333,0.417444444,201.6666667,16.33333333,584.2222222
Brent Price,19,0.2585,6,0.5,22
Brevin Knight,381.3333333,0.143,134.2222222,4.555555556,404.8888889
Brian Cardinal,135.6666667,0.311416667,87.5,5.75,175.6666667
Brian Cook,231.4444444,0.32,123.8888889,14.88888889,256.8888889
Brian Grant,530.5,0,494.6666667,35,626.1666667
Brian Roberts,366.2,0.362,84.4,3.8,411.8
Brian Scalabrine,137.4545455,0.288363636,94,11,144.9090909
Brian Shaw,281.6666667,0.33,178.3333333,14.33333333,280
Brian Skinner,184.5,0.222333333,215.5833333,39.58333333,217.5833333
Briante Weber,47.33333333,0.154666667,28.66666667,3,47.66666667
Brice Johnson,24.5,0,17,3.5,23.5
Britton Johnsen,40.5,0.0415,27.5,0.5,27
Brook Lopez,836.1818182,0.131,405.6363636,104.6363636,1083.272727
Bruce Bowen,464,0.397444444,234,31.33333333,520.4444444
Bruce Brown,177,0.235,97,17,179
Bruno Caboclo,17.75,0.32975,9,1.75,13.25
Bruno Sundov,36.8,0.14575,19,2.4,28.6
Bryant Reeves,552,0.25,452,54,622
Bryant Stith,399.5,0.3645,184.5,10,482
Bryce Cotton,39.5,0.175,9,0,44
Bryce Dejean-Jones,69,0.375,48,2,79
Bryce Drew,138.5,0.3445,40,1.25,135.75
Bryn Forbes,350.6666667,0.377,86.33333333,1.333333333,401
Bryon Russell,347.6666667,0.3686,192,11.5,413.3333333
Buddy Hield,799.6666667,0.422,264,15.33333333,943.3333333
Byron Mullens,273.2,0.307666667,158,19.6,279.6
C.J. Miles,486.5714286,0.336928571,140,17.28571429,561.5
C.J. Watson,361.7,0.3616,115.6,6.7,434.4
C.J. Wilcox,45,0.319666667,10.33333333,1.333333333,44
C.J. Williams,105.5,0.141,29,6.5,109.5
Cal Bowdler,144,0.2,93.5,18,151
Calbert Cheaney,349.6666667,0.08,164.8333333,10.83333333,360
Caleb Swanigan,49,0.1875,52,1.5,46
Calvin Booth,111.2222222,0.2,108.6666667,38.22222222,127.5555556
Cameron Bairstow,27,0.2,18,2,22
Cameron Payne,220,0.33,65.5,6.5,218.75
Caris LeVert,439.6666667,0.326333333,169.3333333,11.66666667,527.6666667
Carl Landry,433.1111111,0.208714286,281.4444444,22.55555556,615.6666667
Carldell Johnson,35,0.267,9,0,27
Carlos Arroyo,363.2222222,0.302222222,107.2222222,2.888888889,418.8888889
Carlos Boozer,863.1538462,0.023857143,630.1538462,26.61538462,1075.076923
Carlos Delfino,458.625,0.347125,226.875,11,514.375
Carlos Rogers,76.5,0.0835,88.5,12,119
Carmelo Anthony,1272.5625,0.334875,433.625,32.9375,1596.9375
Caron Butler,756.5714286,0.323285714,313.3571429,15.42857143,887.8571429
Carrick Felix,14,0.4,6,0,19
Cartier Martin,156.8571429,0.343,66.14285714,3.857142857,175.5714286
Casey Jacobsen,302.5,0.33175,129,6,372
Casper Ware,42,0.333,9,0,48
Cedi Osman,317.5,0.337,161.5,5,369
Cedric Bozeman,39,0.154,23,2,26
Cedric Ceballos,229,0.301,106,7,261
Cedric Henderson,146.5,0.3125,46.5,12.5,135.5
Cedric Jackson,20,0.167,8,2,20
Cedric Simmons,57,,47,10.66666667,54.33333333
Cezary Trybanski,12,,7.5,3.5,7.5
Chandler Hutchison,172,0.282,148,4,186
Chandler Parsons,553.5,0.3595,237.375,18.375,673.375
Channing Frye,508.2307692,0.354923077,306.2307692,41.38461538,594.8461538
Charles Cooke,14,0.125,2,0,6
Charles Jenkins,206,0.325,50,4,204
Charles Oakley,277.5,0.1955,299,16.25,261.75
Charles Smith,168,0.220666667,49.66666667,16.66666667,175.3333333
Charlie Bell,413,0.304285714,116.2857143,4.428571429,457.7142857
Charlie Villanueva,554.2727273,0.329363636,274.4545455,31.72727273,618.9090909
Charlie Ward,311.4,0.3612,129.2,9.2,346
Chase Budinger,395.1428571,0.344285714,177.1428571,9.285714286,456.8571429
Chasson Randle,80.5,0.3865,25,1.5,112
Chauncey Billups,719.1428571,0.385285714,190.8571429,10.57142857,1012.357143
Cheick Diallo,106.3333333,0,128.6666667,13.66666667,145.6666667
Cheikh Samb,18,0,15.5,6,11
Cherokee Parks,132.5,0.25,107.25,16.75,140.5
Chimezie Metu,42,0,26,2,44
Chinanu Onuaku,6,,7,0.5,9
Chris Andersen,167.4666667,0.142583333,232.8666667,66.06666667,250.3333333
Chris Babb,30,0.222,17,0,22
Chris Bosh,967.7692308,0.299846154,584,71.69230769,1322.230769
Chris Boucher,15,0.2355,9.5,6.5,20
Chris Carr,112,0.459,44,3,169
Chris Childs,217,0.248,120.3333333,7,220.6666667
Chris Copeland,214.5,0.357,68,7.5,249.5
Chris Crawford,199.75,0.24875,79.25,11,241
Chris Douglas-Roberts,218.1666667,0.227333333,78.66666667,9.166666667,261.8333333
Chris Dudley,41.33333333,0,88.33333333,14.33333333,40
Chris Duhon,382.2222222,0.355,151.5555556,4,438.4444444
Chris Garner,37,0,12,1,19
Chris Gatling,513,0.2145,298.5,19,593.5
Chris Herren,96,0.291,21,0,83
Chris Hunter,217,0,167,35,270
Chris Jefferies,133,0.369,44,11.5,140.5
Chris Johnson,103.4285714,0.31,61,11,122.1428571
Chris Kaman,540.2307692,0.027777778,429.3846154,71.61538462,631.3846154
Chris McCray,3,,0,0,0
Chris McCullough,61,0.216666667,37.33333333,6.333333333,64.66666667
Chris Mihm,341.375,0.10725,287.75,55.5,407.75
Chris Mills,241.3333333,0.312666667,111,7,256.6666667
Chris Mullin,106,0.365,41,10,115
Chris Owens,3,,1,0,4
Chris Paul,910.1428571,0.367285714,293,8,1221.142857
Chris Porter,445,0,189,6,440
Chris Quinn,159.3333333,0.2955,44.33333333,1.333333333,182
Chris Richard,58,,97,8,67.5
Chris Singleton,206.6666667,0.302666667,157.3333333,19,204
Chris Smith,0,,0,0,0
Chris Taft,38,,36,7,47
Chris Webber,992.375,0.25,506.125,58,1091.875
Chris Whitney,380,0.3825,85,3.25,448.25
Chris Wilcox,353.0909091,0,279.6363636,22.36363636,468.1818182
Chris Wright,27.33333333,0,21.66666667,6,40
Christian Eyenga,165.5,0.304,68.5,16.5,160
Christian Laettner,373.8,0.2124,306.2,30.8,461.6
Christian Wood,31,0.288,27.66666667,4.333333333,40.33333333
Chuck Hayes,191.2727273,0,294.8181818,21.54545455,219.0909091
Chucky Atkins,528.1,0.3459,106,3.3,608.1
Chucky Brown,61,0,43.5,5.5,61.5
CJ McCollum,951.6666667,0.390666667,195.5,21,1128.166667
Clarence Weatherspoon,376.6,0,436.2,42,464.6
Cleanthony Early,127,0.2645,61.5,7.5,120.5
Cliff Alexander,10,,6,2,10
Clifford Robinson,769.8571429,0.357285714,279.7142857,64.85714286,822.2857143
Clint Capela,432.8,0,477.2,78.8,631.4
Coby Karl,29,0.245,16,1.5,29
Cody Zeller,340.6666667,0.346666667,328.3333333,43.33333333,466.5
Cole Aldrich,103.125,,141.375,29.125,131.25
Collin Sexton,598,0.389,131,3,644
Corey Benjamin,172.5,0.2065,65.5,9,173.5
Corey Brewer,562.4545455,0.282909091,200.2727273,19.54545455,631
Corey Maggette,653.8461538,0.308769231,286.0769231,8.692307692,965.5384615
Corie Blount,233,0.083333333,312,22.75,241.75
Corliss Williamson,575.8571429,0.230333333,257.2857143,18.28571429,727.1428571
Corsley Edwards,31,,25,4,27
Cory Alexander,52.5,0.3355,27,0.5,50.5
Cory Higgins,89.5,0.2,19,3,82
Cory Jefferson,94.5,0.0665,80.5,11,102.5
Cory Joseph,374.25,0.316625,154.625,12.25,429.875
Coty Clarke,4,1,1,0,6
Courtney Alexander,517.3333333,0.327,136.3333333,6,563.3333333
Courtney Fortson,32,0.231,15,0,35
Courtney Lee,581.9090909,0.383090909,187.7272727,18.72727273,688.6363636
Courtney Sims,3.5,,3,0,3
Craig Brackins,24.5,0.1665,9.5,0.5,15
Craig Smith,367.8333333,0.033333333,261.1666667,15.16666667,513.3333333
Cristiano Felicio,142.25,0,181.75,10.75,203.5
Curtis Borchardt,114,0,139,23,129
Cuttino Mobley,950.8888889,0.375,278.1111111,28.66666667,1133.333333
D.J. Augustin,536.0909091,0.381,128,2.272727273,677.8181818
D.J. Kennedy,12,0.5,7,0,12
D.J. Mbenga,54.71428571,0,50.14285714,20.14285714,59.14285714
D.J. Stephens,4.5,,2.5,0,4.5
D.J. Strawberry,92,0.24,28,6,73
D.J. White,114.5,0.5,72.83333333,9.5,135
D.J. Wilson,43.5,0.426,43,4.5,56.5
Daequan Cook,342.6666667,0.348333333,117.1666667,8,352.3333333
Dahntay Jones,210.6923077,0.280307692,83.23076923,11.07692308,257.9230769
DaJuan Summers,67,0.366333333,20.5,2,69.5
Dajuan Wagner,241.75,0.467,35.5,3.5,241
Dakari Johnson,39,,34,8,55
Dale Davis,302.5714286,0,403,57,375
Dalibor Bagaric,89.66666667,0,79.33333333,14.33333333,83.66666667
Damian Jones,37.33333333,,37.33333333,10.66666667,58
Damian Lillard,1313.428571,0.369714286,302.8571429,22.85714286,1716
Damien Inglis,37,0.231,31,3,36
Damien Wilkins,315.7,0.2983,136.2,13,360.4
Damion James,36.75,0,32.75,5,37.5
Damion Lee,105,0.3345,50,0.5,119.5
Damir Markota,52,0.375,31,1,51
Damjan Rudez,137.6666667,0.353,30.66666667,2.333333333,160
Damon Jones,378.1111111,0.384666667,108.3333333,2.111111111,440.8888889
Damon Stoudamire,689,0.35825,215,4.625,746
Damone Brown,32,0.121333333,13,1.75,27
Damyean Dotson,224,0.3455,104.5,3,254
Dan Dickau,252.8333333,0.356,67.5,1.833333333,290.8333333
Dan Gadzuric,210,0,232.6,44.8,246.5
Dan Langhi,110,0.26,49.75,3,98.25
Dan Majerle,274,0.3255,171,15,283.5
Dan McClintock,18,,17,2,18
Dana Barros,202.3333333,0.3785,50.33333333,1.333333333,225.6666667
D'Angelo Russell,810.5,0.34775,212.75,14.75,900.75
Daniel Ewing,208,0.3,79,5,215.5
Daniel Gibson,378,0.408714286,113.1428571,12.28571429,445
Daniel Hamilton,30,0.3665,22,0.5,30.5
Daniel Ochefu,27,,22,0,24
Daniel Orton,34.33333333,0,42,9.333333333,47.66666667
Daniel Santiago,81.5,,65,11.75,104.25
Daniel Theis,197,0.3425,207,34,278
Danilo Gallinari,585.1,0.3763,250.7,22.4,820
Danny Ferry,225.3333333,0.411,129.3333333,13,265.3333333
Danny Fortson,181.7142857,0.083333333,255.5714286,5.285714286,261.4285714
Danny Granger,767.2,0.3534,288.8,48.1,985.5
Danny Green,437.1,0.3823,203.4,49,516.8
Danny Manning,227,0.256,113.3333333,17.66666667,267.3333333
Dante Cunningham,374.2,0.1721,264.7,33.5,408.9
Dante Exum,275,0.298,88.5,8.5,301.75
Danuel House,94.66666667,0.3245,55.33333333,5.333333333,126
Darington Hobson,13,0,3,0,4
Dario Saric,732,0.347,426,18.66666667,877.3333333
Darius Johnson-Odom,5.5,0,3,0,0
Darius Miles,567.5714286,0.157285714,312.8571429,70.71428571,643.8571429
Darius Miller,198,0.3038,71.2,10.6,246.2
Darius Morris,108,0.334,31.5,0.5,107.5
Darius Songaila,363,0.0945,211.125,13.25,426.875
Darius Washington,48,0.333,20,0,53
Darko Milicic,260.2,0,197.1,61.3,281.3
Darnell Jackson,91.33333333,0.174333333,67.66666667,3.666666667,102.6666667
Darrell Armstrong,512.625,0.313125,197.625,8.875,598.375
Darrell Arthur,345.5555556,0.230555556,196.4444444,34.11111111,364.6666667
Darren Collison,659.3,0.3857,177,10.4,838.6
Darrick Martin,62.42857143,0.272,10.42857143,0.142857143,60.57142857
Darrun Hilliard,92,0.213666667,28.33333333,1,98.33333333
Darryl Watkins,14.5,,19.5,3,17.5
Darvin Ham,112.4,0.3275,120.8,18.4,146.8
Daryl Macon,0,,0,0,0
David Andersen,230.5,0.347,146,10.5,250.5
David Benoit,147,0.385,81,6,178
David Harrison,176.5,,137.25,46.25,237.25
David Lee,713.8333333,0.037,610,27.41666667,936
David Noel,177,0.321,123,9,184
David Nwaba,201,0.267666667,149,14.33333333,266.6666667
David Robinson,638.3333333,0,615.3333333,149.3333333,882.6666667
David Stockton,4.5,0.5835,1,0,9
David Vanterpool,110,0,37,3,122
David Wear,2,0,2,0,0
David Wesley,780.2857143,0.347428571,159.5714286,10.42857143,879.4285714
David West,767.9333333,0.268866667,439.3333333,56.66666667,935.6
David Wingate,3,,0,0,6
Davis Bertans,272,0.414,130,24.66666667,356.6666667
Davon Reed,38.5,0.289,19.5,1,31.5
De'Aaron Fox,697,0.3415,180,22,815.5
Dean Garrett,105.5,,137,29.5,106.5
Dean Oliver,37.5,0.1605,12,0,32
Deandre Ayton,552,0,477,43,745
DeAndre' Bembry,194,0.247,108.3333333,14,209.3333333
DeAndre Jordan,411.4545455,0.041666667,780.8181818,120.1818182,686.0909091
DeAndre Liggins,64.2,0.274,50.4,6.2,69.2
De'Anthony Melton,176,0.324,77,15,166
Dee Brown,52.75,0.241,22.25,2,48.75
Dejounte Murray,362.5,0.328,250.5,18.5,392
DeJuan Blair,338.7142857,0,307.5714286,18.14285714,409.2857143
Dell Curry,364.5,0.386,83,7,394.5
Delon Wright,217.25,0.3565,97,14.75,269.5
Delonte West,446.375,0.363375,158.125,22.375,524.75
DeMar DeRozan,1134.3,0.2568,301.6,20.7,1428.1
DeMarcus Cousins,1115.5,0.22375,735.5,81.625,1439.75
DeMarcus Nelson,54,0,24,2,53
DeMarre Carroll,384,0.317222222,221.8,14,466.9
Demetris Nichols,16,0.1155,3.5,2,11
Demetrius Jackson,12.33333333,0.492,6.333333333,0.333333333,16
Deng Gai,0,,0,0,0
Dennis Horner,4,0,5,0,5
Dennis Schroder,766,0.310166667,172.8333333,7,865.5
Dennis Smith Jr.,661,0.344,166.5,14,700
Denzel Valentine,504.5,0.3685,272,9,537
Deonte Burton,46,0.308,16,5,49
DeQuan Jones,218,0.257,105,22,233
Derek Anderson,520.25,0.35375,179.25,7.375,637.25
Derek Fisher,567.3571429,0.371785714,152.4285714,6,653.0714286
Derek Strong,117,0,108,1,118
DerMarr Johnson,267.4285714,0.328714286,109.8571429,21.28571429,303
Deron Williams,913.6666667,0.35825,218.25,17.16666667,1150.333333
Derrick Brown,229,0.345333333,137.6666667,10.66666667,298.3333333
Derrick Byars,11,0,11,0,10
Derrick Caracter,66,,43,10,81
Derrick Coleman,352.2,0.2558,270,33.4,406.8
Derrick Dial,77,0.171,35.66666667,3.333333333,71
Derrick Favors,595.7777778,0.133428571,477.6666667,84.77777778,768.1111111
Derrick Jones Jr.,115.6666667,0.267333333,84.66666667,16,152.3333333
Derrick McKey,129,0.3085,151.5,8.5,132
Derrick Rose,858.5,0.2964,186.4,18.6,998.9
Derrick Walton,25,0.412,16,3,29
Derrick White,142.5,0.479,69.5,10,184
Derrick Williams,437.7142857,0.254142857,241.8571429,15.42857143,544.1428571
Derrick Zimmerman,3,,4,0,4
DeSagana Diop,98.08333333,0.125,184.9166667,52.5,98.75
DeShawn Stevenson,424.2307692,0.274692308,140.9230769,10.30769231,456.1538462
Desmon Farmer,14.5,0.25,3.5,0,13
Desmond Ferguson,12,0.375,4,0,13
Desmond Mason,653.5,0.193571429,286.3,23,776.7
Desmond Penigar,28,,24,2,32
Detlef Schrempf,95,0.375,78,3,104
DeVaughn Akoon-Purcell,10,0,4,0,7
Devean George,321.6,0.3343,190,22.6,338.1
Devin Booker,991.5,0.35225,200,15.25,1224.5
Devin Brown,365.875,0.287125,161,7.25,419
Devin Ebanks,71,0.224333333,40.66666667,4,74.66666667
Devin Green,28,0,24,0,25
Devin Harris,525.6666667,0.315,139.3333333,12.33333333,691.2
Devin Robinson,8,,6,0.5,10.5
Devonte' Graham,96,0.353,28,0,105
Devyn Marble,57.5,0.216,34.5,1.5,48.5
Dewayne Dedmon,238,0.238333333,315.3333333,44,317.6666667
Dexter Pittman,27.25,,22.25,2,29
Deyonta Davis,156,,155,28,209
Diamond Stone,13,,6,1,10
Diante Garrett,157,0.2875,56,2.5,144
Dickey Simpkins,0,,0,0,0
Dijon Thompson,20,0.182,9.5,0.5,22.5
Dikembe Mutombo,242.3333333,,435.5555556,94,336.1111111
Dillon Brooks,447,0.3655,144,10.5,516.5
Dion Glover,410.2,0.2682,171.8,12.2,442.4
Dion Waiters,653,0.334,139.7142857,14,700.2857143
Dionte Christmas,62,0.29,38,3,71
Dirk Nowitzki,1156.210526,0.379473684,561.3157895,61.73684211,1548.368421
Domantas Sabonis,512.3333333,0.462,418.6666667,28.33333333,654
Dominic McGuire,154.5,0.16675,194.8333333,30.66666667,156.5
Dominique Jones,75.66666667,0.078666667,38,3.333333333,82
Don MacLean,20,1,18,1,31
Don Reid,112.6666667,,139.3333333,32.66666667,145
Donald Sloan,219.6,0.2766,91,1.6,237.8
Donatas Motiejunas,310.4,0.2844,189.8,16.2,365.2
Donell Taylor,138,0.2055,53,3.5,133
Donnell Harvey,197,0.0715,165.4,16,230
Donny Marshall,16,0.25,12,0,15
Donovan Mitchell,1068,0.3335,223.5,21,1248.5
Donta Smith,70,0.3865,33,2.5,82.5
Donte DiVincenzo,107,0.246,56,6,110
Donte Greene,360.25,0.29175,150,29,385.25
Dontell Jefferson,22,0.5,12,1,29
Donyell Marshall,597.2222222,0.360111111,430.5555556,56.11111111,717.8888889
Dorell Wright,355.2727273,0.3232,190.2727273,24.63636364,417.9090909
Dorian Finney-Smith,238.3333333,0.307666667,162.3333333,17,263.3333333
Doron Lamb,161.5,0.389,47.5,0.5,172.5
Doug Christie,449,0.268142857,228.7142857,24,561.5714286
Doug McDermott,394.4,0.3896,134.6,6.6,477.4
Doug Overton,142.6666667,0.231666667,45.66666667,1,129.3333333
Doug West,38,0,15,4,28
Dragan Bender,223.6666667,0.258666667,160.6666667,25.33333333,234.3333333
Dragan Tarlac,99,,122,19,103
Draymond Green,538.5714286,0.302142857,493.5714286,76.28571429,649.4285714
Drew Eubanks,14,,12,0,26
Drew Gooden,531.0714286,0.208857143,401.2857143,33.85714286,618.0714286
Drew Gordon,19,0,18,0,17
Duane Causwell,85,,83,18,76
Duje Dukan,10,0.4,4,0,6
Duncan Robinson,6,0.333,5,0,6
Dwayne Bacon,134.5,0.39,79.5,1,139
Dwayne Jones,13,0,38.2,5.8,21.4
Dwight Buycks,95.33333333,0.421,25.33333333,0.666666667,103.3333333
Dwight Howard,747.8,0.114,878.9333333,136.7333333,1207.6
Dwight Powell,276,0.2402,247.6,25,402.8
Dwyane Wade,1065.5,0.276125,297.4375,54.0625,1408
Dzanan Musa,14,0,3,0,12
Earl Barron,85.875,0.192333333,61.5,3.75,80
Earl Boykins,435,0.313727273,75.81818182,3,508
Earl Clark,187.5,0.2718,129.6666667,22.66666667,189.6666667
Earl Watson,395.3076923,0.299153846,152.6923077,13.53846154,430.2307692
Ed Davis,321.3333333,0,446.1111111,57.55555556,438.8888889
Eddie Basden,37,0.143,28,2,39
Eddie Gill,70.85714286,0.376857143,29.57142857,2,81.57142857
Eddie Griffin,452.6,0.2372,348.8,103.6,434.2
Eddie House,461.5454545,0.382727273,111.1818182,5.272727273,486.9090909
Eddie Jones,757.125,0.364625,276.25,35.375,927
Eddie Robinson,323.75,0.3285,145,16.5,366.75
Eddy Curry,430.3636364,1,247.7272727,34.90909091,620
Edmond Sumner,4.5,0.25,2,0,3.5
Eduardo Najera,208.75,0.249416667,192.25,19.25,254.3333333
Edwin Ubiles,18,0.2,10,1,14
Edy Tavares,12,,16,6,16.5
Efthimi Rentzias,59,0.5,26,2,52
Ekpe Udoh,157.5714286,0,149,58.71428571,184
Elden Campbell,472,0,324.2,74.6,584
Eldridge Recasner,60,0.1665,25,0.5,54
Elfrid Payton,627,0.3286,264,20.8,699
Elias Harris,1,,1,0,0
Elie Okobo,167,0.309,52,4,168
Elijah Millsap,94.66666667,0.131333333,63.66666667,6.333333333,95.66666667
Elliot Perry,75,0.2,25,0.5,79
Elliot Williams,114.5,0.3215,40.25,1.5,134.25
Elton Brand,742.4375,0.102538462,514.375,106,950
Emanual Davis,201.3333333,0.325333333,90.33333333,6.333333333,211.3333333
Emeka Okafor,586.7,0,596.7,100.3,737
Emmanuel Mudiay,606.75,0.31675,167.25,18,637.25
Enes Kanter,626.125,0.28925,528.25,31.375,827.875
Eric Bledsoe,646.3333333,0.324,228.6666667,29.44444444,828
Eric Dawson,12,,10,2,15
Eric Gordon,715.8181818,0.359545455,136.2727273,18.27272727,899.5454545
Eric Maynor,224.4,0.3452,69.6,4,228.2
Eric Montross,135,0,156.5,24.5,118
Eric Moreland,32.25,,73.25,13.75,38.25
Eric Piatkowski,269.625,0.39125,97.125,6.125,342.125
Eric Snow,457.625,0.136625,190.5,11,525.5
Eric Williams,351.1428571,0.329285714,190.7142857,7.857142857,433.4285714
Erick Barkley,45,0.259,10.5,0.5,38.5
Erick Dampier,323.4166667,0.0555,456.6666667,92.75,446.5833333
Erick Green,87.5,0.249,18.5,0,79.5
Erick Strickland,327,0.3562,132,2.6,371.2
Erik Daniels,18,0.5,18,0,13
Erik McCree,2,0,1,0,0
Erik Murphy,13,0,8,4,6
Ernest Brown,6,,6,1,3
Ersan Ilyasova,589.8181818,0.366181818,380.6363636,23.63636364,696.0909091
Ervin Johnson,116.6666667,0.333333333,290.3333333,50,140.1666667
Esteban Batista,48,0,87,5.5,60.5
Etan Thomas,192.6666667,,214.1111111,47.44444444,260.1111111
Etdrick Bohannon,4,,7,2,8
E'Twaun Moore,445.375,0.38475,125.125,14.25,500
Eugene Jeter,259,0.2,70,2,255
Evan Eschmeyer,89.66666667,,164.3333333,24.66666667,110
Evan Fournier,639.8571429,0.376142857,161.5714286,5.714285714,793.4285714
Evan Turner,681.7777778,0.278,346.3333333,19.11111111,736
Fab Melo,6,,3,2,7
Fabricio Oberto,139.1666667,0,195.8333333,12.5,180.1666667
Felipe Lopez,317,0.3945,157,15.5,359.5
Felton Spencer,23,,42.5,5,34
Festus Ezeli,178.6666667,,241.6666667,55.33333333,237.3333333
Francisco Elson,168.5555556,0.1305,182,28.33333333,191.7777778
Francisco Garcia,365.9,0.3426,140,38.8,432.3
Frank Jackson,119,0.412,28,0,148
Frank Kaminsky,534,0.34875,254,25.25,620.25
Frank Mason III,255.5,0.28,83,7,279.5
Frank Ntilikina,370,0.3075,123,15,341
Frank Williams,87,0.225,25.66666667,3.666666667,84.33333333
Fred Hoiberg,315.8,0.3672,220.8,9.4,425.8
Fred Jones,378.7142857,0.337571429,136.8571429,16.42857143,458
Fred VanVleet,337,0.386666667,110,10.33333333,390.3333333
Furkan Aldemir,78,0,176,16,93
Furkan Korkmaz,117,0.3085,52.5,1.5,126
Gabe Pruitt,70,0.271,25.5,1.5,62.5
Gal Mekel,53,0.125,14,0.5,39.5
Gani Lawal,0,,0,0,0
Garret Siler,31,,28,4,45
Garrett Temple,277.6666667,0.333777778,112.8888889,15.77777778,317.8888889
Garth Joseph,5,,2,1,2
Gary Clark,97,0.31,80,18,99
Gary Forbes,272,0.3385,109,5,322.5
Gary Grant,7,,0,0,10
Gary Harris,573,0.3414,144.2,11.4,708.2
Gary Neal,431.5714286,0.326571429,108.5714286,1.428571429,495.7142857
Gary Payton,1042.428571,0.313142857,290.5714286,16.57142857,1189.714286
Gary Payton II,48,0.1755,28,3.5,44.5
Gary Trent,307,0,217.25,18.75,366.5
Gary Trent Jr.,17,0.375,4,1,14
Geno Carlisle,3,,1,0,8
George Hill,563.2727273,0.375636364,197.3636364,18.72727273,722.2727273
George King,0,,1,0,0
George Lynch,347.4,0.278,323,18.6,352
George McCloud,615.5,0.2995,237.5,23,666.5
Georges Niang,41,0.156,20.33333333,0.666666667,40.66666667
Georgios Papagiannis,72,0,61.5,11.5,80
Gerald Fitch,89,0.269,30,5,84
Gerald Green,437.0833333,0.350833333,129.6666667,15.25,505.5833333
Gerald Henderson,638.875,0.29425,214.5,22.875,748.375
Gerald Wallace,535.1428571,0.262214286,345.5714286,48.64285714,709.5
Gerard King,176,,129,11,216
Gian Clavell,18,0.4,7,0,20
Giannis Antetokounmpo,924.8333333,0.252333333,574.6666667,95.83333333,1301
Gigi Datome,93,0.3145,37.5,4,94
Gilbert Arenas,804.5454545,0.336272727,197.0909091,12.18181818,1036.545455
Glen Davis,451.375,0.148571429,279.5,21.625,513.875
Glen Rice,363,0.31175,137.25,5.25,423.25
Glen Rice Jr.,26,0.2185,12,0.5,21.5
Glenn Robinson,909.2,0.328,320.4,28.2,1052.8
Glenn Robinson III,150.8,0.344,85.6,7.2,176.2
Goran Dragic,729,0.357909091,204.2727273,12.72727273,921.9090909
Gordan Giricek,537.5,0.3655,156.8333333,7.833333333,611.6666667
Gordon Hayward,721.1111111,0.330444444,259.5555556,24.88888889,944.7777778
Gorgui Dieng,426.3333333,0.412166667,447.5,71.83333333,558.6666667
Grant Hill,499.75,0.325083333,229.3333333,24.58333333,645.3333333
Grant Jerrett,26,0.067,9,2,16
Grant Long,258,0.147666667,196,9.333333333,295
Grayson Allen,74,0.286,7,2,84
Greg Anthony,364,0.3515,96.5,4,378
Greg Buckner,250.8888889,0.307777778,157.6666667,10.11111111,289.2222222
Greg Foster,88,0.194333333,74,7,84.33333333
Greg Monroe,714.7777778,0,575,40.11111111,915.2222222
Greg Oden,184,,218.6666667,43.33333333,280
Greg Ostertag,242.1666667,0.166666667,366.8333333,107.1666667,301.3333333
Greg Smith,78.8,0,97.8,11.8,119.2
Greg Stiemsma,132.25,0,169.75,58,160.25
Greivis Vasquez,471,0.326857143,145.8571429,4.857142857,513
Guerschon Yabusele,52,0.2795,39,6,64
Guillermo Diaz,4,0,2,0,5
Gustavo Ayon,176.6666667,0,196.3333333,24.33333333,211.6666667
Guy Rucker,0,,1,0,0
Ha Seung-Jin,27,,33.5,6.5,35
Hakeem Olajuwon,493,0,398.5,89,562
Hakim Warrick,453.375,0.117428571,264.625,19.25,618.375
Hamady N'Diaye,5,,8.333333333,3,6.666666667
Hamed Haddadi,56.2,0,74.4,18.4,67.8
Hamidou Diallo,145,0.182,84,9,172
Hanno Mottola,330.5,0.0385,221,14,357.5
Harold Jamison,43,,39,1,54
Harrison Barnes,807,0.373428571,349.4285714,14.57142857,966.8571429
Harry Giles,159,0,102,11,176
Hasheem Thabeet,64.2,,119,36.8,96.6
Hassan Adams,74,0,42,2.5,92.5
Hassan Whiteside,431.7142857,0.5665,505.5714286,107,594
Haywood Highsmith,2,0.5,0,0,3
Hedo Turkoglu,602.2666667,0.3642,264.7333333,19.93333333,734.8
Henry Ellenson,73.33333333,0.373,43.66666667,0.333333333,74.33333333
Henry Sims,214,0.091,167.5,16,257.75
Henry Walker,173,0.2954,80.2,5.4,215.8
Hersey Hawkins,137,0.37,80,9,183
Hilton Armstrong,115.5,0.166666667,127.6666667,23.66666667,146.6666667
Hiram Fuller,8,,11,1,8
Hollis Thompson,448.75,0.37975,207.25,17,512.5
Horace Grant,333.25,0,316.75,32.75,378.5
Horace Jenkins,45,0,9,1,42
Howard Eisley,406.1666667,0.319833333,114,6.666666667,438.6666667
Hubert Davis,212.25,0.31025,65,1,243
Ian Clark,228.5,0.341166667,65.66666667,6.666666667,259
Ian Mahinmi,182.6363636,0.015166667,223,36.09090909,263.2727273
Ibo Kutluay,1,,1,0,0
Igor Rakocevic,58,0.417,17,0,78
Ike Anigbogu,6,,6,2,6.5
Ike Diogu,159.6666667,0.5,114.8333333,10.83333333,224.6666667
Iman Shumpert,361.875,0.336625,176.75,13.375,389
Ime Udoka,210.1428571,0.246142857,132.2857143,7.714285714,233.5714286
Ira Bowman,4.5,0,1.5,0,5
Ira Newble,219.125,0.31525,139.25,13.125,241.25
Isaac Austin,181,0.125,146.5,14,151
Isaac Bonga,8,0,4,0,6
Isaac Fontaine,14,0.2,5,0,11
Isaiah Briscoe,52,0.417,17,0,51
Isaiah Canaan,271,0.334333333,71.5,3.5,312.3333333
Isaiah Hartenstein,36,0.333,39,9,47
Isaiah Hicks,72,0.222,41,4,80
Isaiah Rider,276.5,0.385,94.5,4.5,300
Isaiah Taylor,198.5,0.125,48.5,5.5,224
Isaiah Thomas,938.8571429,0.355714286,172.4285714,7,1274.714286
Isaiah Whitehead,297,0.342,105,19,321.5
Ish Smith,414.8888889,0.282666667,131,12.88888889,414.4444444
Ivan Johnson,315.5,0.205,246,16,404
Ivan McFarlin,13,0,11,0,15
Ivan Rabb,89,0,95.5,7.5,120.5
Ivica Zubac,156.6666667,0,126.3333333,22.33333333,199.6666667
J.J. Barea,498.3076923,0.346230769,130.3846154,1.692307692,553.3076923
J.J. Hickson,507,0,454.875,38.625,635.125
J.J. O'Brien,1,,1,0,0
J.J. Redick,587.5384615,0.405615385,122.8461538,5.076923077,783.5384615
J.P. Macura,8,0,2,0,4
J.R. Bremer,311,0.305,90.5,3.5,323
J.R. Giddens,31.5,0,27,1,36.5
J.R. Reid,5,,8,1,10
J.R. Smith,696.2,0.366066667,204.5333333,13.6,808.7333333
Jabari Bird,26,0.429,19,1,39
Jabari Brown,170,0.371,36,2,227
Jabari Parker,544.6,0.3116,242.4,15.2,653.8
Jabari Smith,75.75,0.166666667,44.5,6.5,82.25
Jack Cooley,24.5,,27.5,1.5,33.5
Jackie Butler,84.66666667,,68.33333333,10.33333333,114.3333333
Jackson Vroman,132.5,0,130.5,15,142.5
Jacob Evans,25,0.167,9,1,13
Jacob Pullen,2,0,0,0,2
Jacob Wiley,4,0.5,11,0,4
Jacque Vaughn,290.4444444,0.390444444,101.5555556,1.555555556,332.3333333
Jae Crowder,548.1428571,0.333142857,277.8571429,23,671.8571429
Jahidi White,192.2,0,266.6,52.2,267.2
Jahlil Okafor,370,0.2085,191,33.75,453
JaJuan Johnson,121,,58,14,114
JaKarr Sampson,248,0.322,143.6666667,27,287.6666667
Jake Layman,97,0.262666667,42.33333333,5,104.3333333
Jake Tsakalidis,169.1428571,0,176.8571429,31.85714286,213.8571429
Jake Voskuhl,153.4444444,0.333,171,18.44444444,201.5555556
Jakob Poeltl,217.6666667,0.5,254.6666667,50,319.3333333
Jalen Brunson,207,0.328,60,1,229
Jalen Jones,65,0.371,36,1.5,77.5
Jalen Rose,1023.571429,0.371,265.5714286,22.57142857,1214.571429
Jamaal Franklin,20.5,0.4775,12.5,1.5,21
Jamaal Magloire,306.25,0,367.3333333,50.25,409.75
Jamaal Tinsley,407.3636364,0.264818182,145.9090909,14.09090909,422.9090909
Jamal Crawford,855.6842105,0.348368421,153,14,1007.631579
Jamal Mashburn,1029,0.34875,358.25,10.25,1138.5
Jamal Murray,833.6666667,0.350333333,236.6666667,23.33333333,986.3333333
Jamal Robinson,22,0,11,0,6
Jamal Sampson,21.6,0,48.4,6.4,28.4
Jamario Moon,313.6,0.3024,245.4,47.2,361.4
Jameel Warney,12,,9,0,17
Jameer Nelson,620.8571429,0.367928571,185.3571429,4.857142857,710
Jamel Artis,79,0.276,38,3,77
Jamel Thomas,19,0.333,9,0,13
James Anderson,255.2,0.323,112,11,284.4
James Augustine,18.5,,16.5,1,21
James Ennis,243.2,0.3686,155.6,14,323.8
James Harden,1142.6,0.3675,373.2,35,1720.1
James Johnson,377.3,0.2726,207.1,51.9,456.4
James Jones,214.5,0.392071429,91.14285714,15.57142857,265.5
James Lang,9,,11,3,11
James Michael McAdoo,63,0.345333333,47,11.75,83.5
James Nunnally,33.5,0.3525,11.5,1,35.5
James Posey,505,0.342,340.3636364,24.09090909,614.2727273
James Robinson,11,0.4,8,1,10
James Singleton,156.6,0.29,182,23.4,190.8
James Southerland,15,0.5,8,2,14
James Thomas,19.5,,38,3.5,27
James Webb III,24,0.211,24,0,16
James White,54,0.375666667,22.66666667,2,60.66666667
James Young,52.5,0.283,24,1.25,54.75
Jamie Feick,23,,56,3,22
Jamil Wilson,81,0.429,32,8,105
Jamison Brewer,23.5,0.13925,12.5,0.5,22.25
JaMychal Green,355.4,0.2896,327,23.2,445.8
Jan Vesely,168.3333333,0,187.3333333,28,196.6666667
Jannero Pargo,285.4545455,0.355909091,63.72727273,2.545454545,288.6363636
Jared Cunningham,43.25,0.3565,14,0.5,49.25
Jared Dudley,423.25,0.374,228.4166667,13.33333333,540.5833333
Jared Jeffries,248,0.213636364,233,29.36363636,273
Jared Reiner,36.5,,54.5,6.5,27
Jared Sullinger,537,0.2402,401.2,32.2,578.6
Jared Terrell,12,0.25,2,1,4
Jarell Eddie,28.66666667,0.189666667,10.33333333,0.333333333,29
Jarell Martin,205.5,0.22225,152.25,17.75,235
Jaren Jackson,38.5,0.3695,14.5,0,39
Jaren Jackson Jr.,420,0.333,201,68,574
Jarnell Stokes,14.33333333,,13.33333333,1.666666667,22.33333333
Jaron Blossomgame,66,0.333,65,4,75
Jarrett Allen,360.5,0.2465,373.5,77,545.5
Jarrett Jack,590.2307692,0.306230769,191.3076923,8.230769231,719.1538462
Jarrod Uthoff,38,0.333,22,4,40
Jarron Collins,150,0,157.9,9.8,209.5
Jarvis Hayes,480.4285714,0.352142857,190,8,507.5714286
Jarvis Varnado,33.5,,36,15.5,53.5
Jason Caffey,229,0,193,15,298
Jason Collier,148.6,0.16975,88.6,6.4,168.2
Jason Collins,171.8461538,0.2083,208.1538462,27.61538462,201.6153846
Jason Hart,163.6666667,0.210857143,63,3.777777778,180.3333333
Jason Kapono,336.2222222,0.388777778,93.77777778,2.777777778,377.5555556
Jason Kidd,805.0769231,0.353230769,473.9230769,23.61538462,915.4615385
Jason Maxiell,282.3,0,257.6,49,348.1
Jason Richardson,975.4615385,0.361,326.5384615,28.23076923,1126.461538
Jason Smith,304.2727273,0.2348,188.0909091,37.09090909,342.3636364
Jason Terry,832.5,0.382611111,172.6666667,14.72222222,1012.444444
Jason Thompson,531.875,0.061857143,485,51.75,651.25
Jason Williams,610.9,0.3325,142.7,5.1,662.6
JaVale McGee,315.8181818,0.166714286,264.3636364,83.63636364,416.9090909
Javaris Crittenton,259,0.2015,138,4,297.5
Jawad Williams,114.6666667,0.315,44.33333333,2.666666667,113.3333333
Jawun Evans,131.5,0.139,47,3,117.5
Jay Williams,685,0.322,195,17,714
Jaylen Adams,10,0.333,3,1,8
Jaylen Brown,542,0.346666667,241,22,666.3333333
Jaylen Morris,21,0.2665,10.5,0.5,19
Jayson Tatum,707,0.4035,335.5,44.5,912.5
Jeff Adrien,111.4,0,131.8,15.8,141.8
Jeff Ayres,86.5,0.25,105.3333333,11,115
Jeff Foote,6,,6,1,4
Jeff Foster,244.8333333,0.142083333,434.6666667,25.58333333,308.6666667
Jeff Green,819.2727273,0.329909091,342.3636364,40.63636364,987.5454545
Jeff McInnis,589,0.253875,133.875,3.375,627.625
Jeff Taylor,243.6666667,0.306333333,87.66666667,7,269
Jeff Teague,706.8,0.343,172,24.1,886.6
Jeff Trepagnier,33.66666667,0.333333333,14.33333333,1.333333333,29.33333333
Jeff Withey,94.8,0.05,103.6,31.2,133.2
Jelani McCoy,115.6666667,,110.5,21.16666667,136.3333333
Jerami Grant,426.6,0.312,259.2,81.4,565.8
Jerel McNeal,11,0.5,3,1,9
Jeremy Evans,91.42857143,0.108333333,91.57142857,17.28571429,125.5714286
Jeremy Lamb,465.5714286,0.329,197,18.57142857,550.7142857
Jeremy Lin,455.4444444,0.349,139.2222222,18.55555556,587
Jeremy Pargo,200,0.3005,43,1,195.5
Jeremy Richardson,33,0.462666667,8.333333333,0,28.66666667
Jeremy Tyler,116.3333333,0,89.66666667,14,124.3333333
Jerian Grant,337.25,0.31475,123.5,7.25,394.5
Jermaine Jackson,52.75,0.2125,33.5,2.25,63.75
Jermaine O'Neal,738.2857143,0.089272727,472.1428571,119.0714286,892.2857143
Jermaine Taylor,157.5,0.269,54,4,175.5
Jermareo Davidson,80,,48,9,81
Jerome Beasley,3,,1,0,2
Jerome Dyson,48,0.125,19,2,67
Jerome James,164.375,0,135.25,47.25,189.5
Jerome Jordan,63.5,,66,10.5,90
Jerome Kersey,69,0,45,8,72
Jerome Moiso,64.6,0,79,13.6,77.2
Jerome Robinson,18,0.556,3,0,23
Jerome Williams,359.2,0.04175,435.2,17.8,472.4
Jerrelle Benimon,0,,3,0,0
Jerry Smith,14,0.167,7,0,7
Jerry Stackhouse,605.6153846,0.305230769,136.6153846,13.92307692,734.6923077
Jerryd Bayless,361,0.348363636,107.0909091,6.454545455,428.5454545
Jeryl Sasser,110.5,0.295,95.5,6,102
Jevon Carter,44,0.231,11,2,32
Jim Jackson,545.6666667,0.383666667,268,10.33333333,590.8333333
Jim McIlvaine,28,,35,15,28
Jimmer Fredette,250.6,0.3884,47.2,2.2,283.2
Jimmy Butler,740.5,0.330625,301.75,28.625,1026.75
Jiri Welsch,320,0.3065,150.5,3.75,379.75
Joakim Noah,367.8333333,0,489.1666667,71,469.8333333
Jodie Meeks,436.6666667,0.375888889,123.1111111,3.888888889,548.5555556
Joe Alexander,125.5,0.174,60,15,141
Joe Crawford,10,0.25,4,0,9
Joe Crispin,68,0.385,11,0,79
Joe Harris,300.4,0.3792,120.6,7.4,392
Joe Ingles,452.2,0.399,222.8,10.4,558.4
Joe Johnson,1042.294118,0.363411765,297.5882353,15.29411765,1200.294118
Joe Smith,452.7272727,0.1439,351.8181818,40.54545455,540.6363636
Joe Young,142.3333333,0.271,43.33333333,0.333333333,143
Joel Anthony,77.6,,135.3,53.1,106.4
Joel Bolomboy,11,0.125,13.5,1,15.5
Joel Embiid,751,0.328666667,497.3333333,89.66666667,1068.666667
Joel Freeland,151.6666667,0,172.6666667,18.66666667,159
Joel Przybilla,124.9230769,0,281.9230769,64.30769231,176.3846154
Joey Dorsey,66.5,0,128.25,11,86
Joey Graham,296,0.322,176.3333333,7.166666667,373.1666667
Joffrey Lauvergne,248.75,0.1925,197.25,8.5,289.75
Johan Petro,264.25,0.208333333,229.5,29.25,275.25
John Amaechi,292,0,151.3333333,15.33333333,308
John Coker,8,,5,0,2
John Collins,461.5,0.3365,415.5,45.5,656
John Crotty,104.6666667,0.442666667,39.33333333,0.333333333,130
John Edwards,47,,33.5,9.5,49.5
John Henson,355.7142857,0.083,315.1428571,85.71428571,451.7142857
John Holland,29.5,0.306,12,1,27
John Jenkins,120,0.3648,42.6,2.4,146.8
John Lucas III,148.125,0.23175,29.625,0.25,143.375
John Salmons,536.8461538,0.348,200.2307692,18.38461538,637.8461538
John Starks,498,0.3285,111,5,494.5
John Stockton,688.6666667,0.382,230.3333333,20.33333333,976.6666667
John Thomas,50.5,,58.5,7.5,63
John Wall,1011.888889,0.292888889,275.8888889,44,1208.777778
John Wallace,198.3333333,0.301,75.66666667,11,208.6666667
Johnathan Motley,41.5,0.0835,26.5,1,54
Johnathan Williams,20,,21,4,23
Johnny Newman,421.5,0.3605,112.5,7,546.5
Johnny O'Bryant,132.5,0.608666667,88,4.75,127.25
Jon Barry,321.8333333,0.399833333,136.8333333,9.666666667,417
Jon Brockman,80.66666667,0,157.3333333,3,106.6666667
Jon Leuer,249.375,0.21475,175.5,12.625,295.25
Jonah Bolden,59,0.267,70,14,75
Jonas Jerebko,343.2222222,0.360777778,272.4444444,16,419.8888889
Jonas Valanciunas,554,0.241,565.8571429,68.42857143,789.1428571
Jonathan Bender,164.4285714,0.325666667,80.14285714,23.42857143,198.4285714
Jonathan Gibson,59,0.4165,12.5,0,70
Jonathan Isaac,198.5,0.319,136.5,35,218
Jonathon Simmons,419.5,0.308,143.75,14.75,505.5
Jonny Flynn,459.6666667,0.320666667,102.3333333,2.333333333,501.3333333
Jordan Adams,46,0.2,15,3.5,50.5
Jordan Bell,140.5,0,157.5,45,188
Jordan Clarkson,870.8,0.3362,221.4,8.4,997.2
Jordan Crawford,521.6666667,0.36,117.1666667,3.833333333,572
Jordan Farmar,345.2,0.3809,95.8,5.6,388.8
Jordan Hamilton,167.8,0.3702,85.8,6.8,178
Jordan Hill,341.625,0.039,298.625,34,404
Jordan Loyd,3,1,5,0,12
Jordan McRae,79.66666667,0.269333333,22,2.666666667,88
Jordan Mickey,46,0.0625,42.66666667,9,50.66666667
Jordan Williams,152,,156,15,197
Jorge Garbajosa,277,0.3585,172.5,7.5,294.5
Jorge Gutierrez,35.33333333,0.083333333,18,0.333333333,45.66666667
Jose Calderon,458.8571429,0.370642857,152.7142857,5.071428571,564.0714286
Joseph Forte,23.5,0,8.5,0,15
Josh Akognon,4,0.5,1,0,5
Josh Boone,260.5,,314.5,44.5,335
Josh Childress,321.375,0.284571429,231.25,23,443.5
Josh Davis,37.5,0.1665,28.75,1.25,39
Josh Gray,41,0.231,10,2,32
Josh Harrellson,80,0.308666667,75.66666667,12,88.33333333
Josh Hart,366,0.371,221,22.5,454
Josh Howard,616.1,0.3141,288.6,27.6,727
Josh Huestis,68.33333333,0.484666667,60,16,62.33333333
Josh Jackson,671.5,0.2855,265.5,30.5,721
Josh Magette,46,0.364,19,1,46
Josh McRoberts,179.2727273,0.262909091,153.2727273,17.63636364,212.0909091
Josh Okogie,232,0.26,107,15,254
Josh Powell,162.2857143,0.146,133.1428571,9.714285714,175.1428571
Josh Richardson,572.75,0.38525,180,40,663
Josh Selby,47,0.15,10,0,41.5
Josh Smith,865.1538462,0.253583333,511.7692308,131.7692308,999.6923077
Jrue Holiday,844.8,0.3626,236.8,29.7,964.1
Juan Carlos Navarro,766,0.361,210,1,896
Juan Dixon,484.7142857,0.343571429,116.5714286,4.857142857,525.4285714
Juan Hernangomez,184.6666667,0.363333333,151.6666667,11.33333333,250.3333333
Juaquin Hawkins,148,0.417,78,6,134
Jud Buechler,141,0.383,105,9,152
Julian Wright,198.75,0.26125,132.75,17.25,226.75
Julius Hodge,12.5,,7.5,0,14
Julius Randle,619.8,0.2675,503.4,27,816
Julyan Stone,15.75,0.298,19.25,2,20
Jumaine Jones,427.7142857,0.334142857,278.4285714,19.85714286,466.8571429
Junior Harrington,260.6666667,0.278333333,127,8.333333333,244.3333333
Justin Anderson,221.25,0.28,126.75,15.5,262
Justin Dentmon,15,0.143,4,0,13
Justin Hamilton,192.3333333,0.320666667,134.3333333,24.33333333,229
Justin Harper,17.66666667,0.294666667,6,1,15
Justin Holiday,375,0.328833333,145.1666667,20.33333333,415.8333333
Justin Jackson,338.5,0.341,157,12,383.5
Justin Patton,2,,0,0,2
Justin Reed,143.6666667,0,62,6.333333333,157.3333333
Justin Williams,58.5,0,82,10.5,82.5
Justise Winslow,395,0.30975,265.25,19.25,420
Jusuf Nurkic,522.2,0.025,439.8,71.6,631.2
Juwan Howard,577.1538462,0.071428571,335.3076923,13.61538462,662.3076923
K.J. McDaniels,225,0.29,108,31.33333333,260.6666667
Kadeem Allen,22,0,11,2,19
Kalin Lucas,1,,0,0,0
Kaniel Dickens,6.666666667,0.333,4,0.666666667,7.333333333
Kareem Rush,312.7142857,0.338857143,81.71428571,10.57142857,316.1428571
Karl Malone,1108.25,0.2435,587.5,43,1471.75
Karl-Anthony Towns,1131,0.3775,855.25,110.25,1571.25
Kasib Powell,95,0.242,44,2,84
Kawhi Leonard,697.5,0.3735,349,38.5,952
Kay Felder,114,0.2645,29.5,4,111.5
Kedrick Brown,125.25,0.1615,86.75,7,127.25
Keita Bates-Diop,9,0,4,1,4
Keith Appling,8,0,1,0,6
Keith Benson,1,,3,0,0
Keith Bogans,341.7272727,0.357272727,165.1818182,6.181818182,387
Keith Langford,4,,2,0,2
Keith McLeod,254.5,0.24975,67,6.75,276.25
Keith Van Horn,767.1666667,0.373833333,411.1666667,26.16666667,922.6666667
Kelenna Azubuike,349.6,0.389,165.8,20.6,435.6
Kelly Olynyk,500.8333333,0.361333333,319.8333333,29.5,647.1666667
Kelly Oubre Jr.,474,0.31725,234.25,23,562.5
Kelvin Cato,208,0,297.5714286,58.71428571,280
Kemba Walker,1142.125,0.347375,267.125,27.25,1374
Ken Johnson,37,,32,12,32
Kendall Gill,410,0.2628,158,10,398.6
Kendall Marshall,197.25,0.358,63.25,2.5,200.5
Kendrick Perkins,229.9285714,0,323.7142857,64.5,301
Kenneth Faried,473.25,0.1375,459.75,46.625,638.375
Kenny Anderson,356.4,0.2922,129.8,4.4,362.8
Kenny Satterfield,191,0.219,47.5,1.5,160.5
Kenny Thomas,443.5,0.112,390.4,25.4,528.2
Kenrich Williams,18,0.2,11,0,15
Kent Bazemore,473.2857143,0.345428571,194,31,559.2857143
Kentavious Caldwell-Pope,745.6666667,0.342,241.6666667,13.33333333,851.8333333
Kenyon Martin,535.4,0.177692308,343.9333333,57.6,621.6666667
Keon Clark,437.75,0,373.75,106.5,523.75
Kerry Kittles,670.75,0.36125,221.5,26,772.75
Kevin Burleson,88,0.185,26,2,70
Kevin Durant,1275.166667,0.381166667,484.1666667,75.25,1843.833333
Kevin Edwards,170,0.263,82,8,160
Kevin Garnett,974.25,0.1948125,707,86.5,1223.4375
Kevin Huerter,334,0.391,133,17,378
Kevin Jones,107,,78,5,95
Kevin Knox,420,0.359,151,11,456
Kevin Love,793.4545455,0.329454545,655.6363636,27.18181818,1064.363636
Kevin Martin,733.0833333,0.366333333,189.8333333,6.5,1033
Kevin Murphy,28,0.2,4,0,15
Kevin Ollie,189.9,0.215888889,94.1,2.4,228.8
Kevin Seraphin,331.1428571,0,208.8571429,43.42857143,359.4285714
Kevin Willis,247.3333333,0.0334,206.5,18.66666667,266.1666667
Kevinn Pinkney,27,0.5,15,3,31
Kevon Looney,126.75,0.26175,150.25,26.75,175.25
Keyon Dooling,335.0769231,0.329153846,74.15384615,5.769230769,389.7692308
Khalid El-Amin,311,0.333,81,2,314
Khem Birch,80.5,0,113.5,15,114
Khris Middleton,742,0.386142857,257,12.14285714,920.8571429
Khyri Thomas,23,0.538,9,2,33
Kim English,112,0.28,37,3,119
Kirk Haston,28,0,13.5,3,16
Kirk Hinrich,655.5384615,0.375153846,198.1538462,18.69230769,738
Kirk Penney,4.5,0.1665,1,0,2.5
Kirk Snyder,279,0.29425,122.75,17.25,333.25
Klay Thompson,1156.375,0.4145,251.375,39.375,1409.875
Kobe Bryant,1431.4375,0.31575,374.5625,29.0625,1837.6875
Kobi Simmons,189,0.282,50,5,196
Kornel David,51,,52,4,62
Kosta Koufos,293.0909091,0,309.5454545,45.36363636,350.7272727
Kosta Perovic,10,,13,2,10
Kostas Papanikolaou,131.5,0.3025,79,9,124.5
Kris Dunn,396.6666667,0.314,156.3333333,23.33333333,407.6666667
Kris Humphries,345.0769231,0.1,331.8461538,34.92307692,411.5384615
Kris Joseph,14,0,7,0,9
Kristaps Porzingis,920,0.361666667,439,126,1104
Kurt Thomas,484.1538462,0.3667,459,56.69230769,546.9230769
Kwame Brown,257.3333333,0.083333333,277.75,31.33333333,336.25
Kyle Anderson,257.8,0.314,231.8,31.4,315.6
Kyle Collinsworth,99,0.235,107,9,101
Kyle Korver,546.3125,0.4323125,214.5625,24.25,705
Kyle Kuzma,850,0.331,370,26,1024
Kyle Lowry,695.3846154,0.346769231,268.3076923,17.38461538,915.8461538
Kyle O'Quinn,278.4285714,0.137,284.4285714,59.71428571,340.8571429
Kyle Singler,335.8333333,0.338,171,18.33333333,387.6666667
Kyle Weaver,101.3333333,0.380333333,52.66666667,11,121
Kyle Wiltjer,14,0.308,10,1,13
Kyrie Irving,1043.25,0.38625,212.375,20,1320
Kyrylo Fesenko,50.4,0,53.8,10.6,61
Lamar Odom,720.6923077,0.296461538,574.1538462,61.30769231,886.3076923
Lamar Patterson,47.5,0.206,28.5,1,46.5
LaMarcus Aldridge,1132.692308,0.199538462,585.5384615,74.46153846,1369.615385
Lamond Murray,523.4,0.3856,219.6,20,587.6
Lance Allred,4,,1,0,3
Lance Stephenson,417.3333333,0.259444444,226.6666667,7.777777778,463.1111111
Lance Thomas,204.75,0.296666667,117.25,6.5,235.375
Landry Fields,289.2,0.2584,218.4,9,346.2
Landry Shamet,289,0.385,67,7,364
Langston Galloway,458.4,0.3544,164.6,9.6,489.4
LaPhonso Ellis,452,0.292,312.6666667,42,506
Lari Ketner,0,,0,0,0
Laron Profit,118,0.240666667,61,7,130.6666667
Larry Drew II,41,0.2435,9,0,31.5
Larry Hughes,694.4545455,0.296181818,227.3636364,19.36363636,778.2727273
Larry Johnson,598,0.313,363,29,645
Larry Nance Jr.,332.75,0.2195,356.25,31.5,429
Larry Owens,21.5,0.431,14,3,26.5
Larry Robinson,94,0.4395,44.5,1,101
Larry Sanders,232.5,0,224.1666667,71.5,253.3333333
Latrell Sprewell,1198.4,0.3388,298.8,21.2,1310
Lauri Markkanen,582,0.3655,326,28.5,690
Lavor Postell,58.66666667,0.263333333,15,0.666666667,65
Lavoy Allen,293,0.051333333,307.1666667,35.66666667,307.8333333
Lawrence Funderburke,141.25,0,113,10.5,158.75
Lawrence Roberts,126,0,155,7.5,167
Lazar Hayward,67.33333333,0.189666667,30,2.666666667,69
Leandro Barbosa,529.2142857,0.371928571,122.8571429,8.642857143,645.3571429
LeBron James,1439.9375,0.3445625,543.625,57,1997.875
Lee Nailon,394.3333333,0.1,156,8.833333333,437
Leon Powe,190.4,0,182.2,16.4,296.8
Leon Smith,14,,16.5,0.5,16.5
Lester Hudson,63.25,0.3325,19.25,2,67
Linas Kleiza,416,0.306,210,10.42857143,508.7142857
Lindsey Hunter,254,0.2879,66.5,6.6,246.7
Linton Johnson,95.66666667,0.289833333,82.16666667,10.5,97
Lionel Chalmers,125,0.245,31,0,111
London Perrantes,13,0,4,1,7
Lonnie Walker,2,1,1,0,3
Lonny Baxter,132.5,0.1665,119.25,14.75,159.25
Lonzo Ball,498,0.3175,301,30.5,483.5
Loren Woods,82.66666667,0.08325,113.6666667,21.33333333,92.5
Lorenzen Wright,435.4444444,0,355.5555556,38.77777778,471.1111111
Lorenzo Brown,67.6,0.164,30.2,3,58.6
Lou Amundson,136.8,0,154.1,30.6,156.4
Lou Williams,681,0.339214286,138.2142857,11.71428571,893.9285714
Loy Vaught,169,,173,7,168
Luc Longley,54,,66,9,49
Luc Mbah a Moute,336.6363636,0.264454545,254.3636364,23.90909091,397.7272727
Lucas Nogueira,72,0.282,97,36,111.5
Lucious Harris,528.8,0.3532,197.6,7.6,588.8
Luis Flores,29,0.5,3,0,35
Luis Montero,10,0.111,3,0,7
Luis Scola,744.2,0.1525,494.1,22.4,888.2
Luka Doncic,637,0.373,281,11,848
Luke Babbitt,199.125,0.382625,105.75,7.25,227.25
Luke Harangody,135.5,0.24,98,10,126.5
Luke Jackson,58.75,0.41525,22.25,0.75,63
Luke Kennard,312,0.3935,121.5,9,366
Luke Kornet,117,0.3875,59,13.5,138.5
Luke Ridnour,566.9166667,0.343,156.4166667,13.41666667,645
Luke Schenscher,24.5,,27,3.5,27.5
Luke Walton,244.9,0.3236,158.8,10.2,264.9
Luke Zeller,26,0.2,10,0,19
Luol Deng,743.6,0.309857143,360.4666667,29.13333333,881.4
Luther Head,404.3333333,0.377666667,140.8333333,7.166666667,473.6666667
Lynn Greer,141,0.346,27,1,167
Maalik Wayns,45,0.226,4.5,0,39
Maceo Baston,43,0.2145,43.75,10.75,71.5
Maciej Lampe,77,0.25,47.33333333,3.333333333,71.66666667
Mahmoud Abdul-Rauf,246,0.286,25,1,266
Malachi Richardson,61.66666667,0.296666667,23.33333333,0.666666667,65
Malcolm Brogdon,533,0.405,184,11.33333333,672.6666667
Malcolm Delaney,336.5,0.3035,111.5,3.5,364.5
Malcolm Lee,45.33333333,0.2665,21.66666667,3.333333333,46.66666667
Malcolm Miller,28,0.381,15,2,38
Malcolm Thomas,17.25,0.125,24,1.75,19
Malik Allen,236.5,0.238142857,135.3,22,233.4
Malik Beasley,202,0.358666667,64.33333333,4.333333333,238.6666667
Malik Hairston,62.5,0.091,38.5,8,74.5
Malik Monk,395.5,0.337,66,9.5,419
Malik Rose,361.5555556,0.255,288.8888889,21.66666667,433.8888889
Mamadou N'Diaye,39.8,0,45,12.8,52.4
Mangok Mathiang,7,,10,0,8
Manny Harris,131,0.26325,63.25,3.5,143.75
Manu Ginobili,641.375,0.3681875,231.0625,19.9375,877.6875
Marc Gasol,803.2727273,0.245181818,532.1818182,102.9090909,1046.727273
Marc Jackson,382.8571429,0.245285714,236.4285714,14.57142857,462.5714286
Marcelo Huertas,149,0.2365,57,4.5,150
Marcin Gortat,510.9166667,0.25,529.4166667,73.5,659
Marco Belinelli,527,0.379,130.6666667,5.166666667,635.8333333
Marcus Banks,214.375,0.290428571,64.875,7.125,257.625
Marcus Camby,447.6923077,0.154333333,610.6923077,137,510.1538462
Marcus Cousin,3,,3,1,4
Marcus Derrickson,15,0.286,4,1,17
Marcus Fizer,422.6666667,0.285333333,223.3333333,13.5,463.6666667
Marcus Georges-Hunt,27.5,0.3835,12.5,0,36.5
Marcus Haislip,71.5,0.3375,32.75,8.5,77.75
Marcus Landry,43,0.321,19,2,44
Marcus Morris,623.125,0.341875,286.25,15.875,730.75
Marcus Paige,14,0.25,4,0,12
Marcus Smart,506.6,0.3052,217.8,21.6,558.2
Marcus Thornton,625.375,0.3585,168.5,7.625,718.75
Marcus Vinicius,17.5,0.423,9.5,1,25
Marcus Williams,188.1666667,0.32275,62.16666667,1.333333333,190.3333333
Mardy Collins,194.5,0.29525,84,5.5,185.5
Mario Chalmers,515.6666667,0.345111111,176.1111111,11.44444444,638.1111111
Mario Elie,246,0.36,155,12,299
Mario Hezonja,409,0.318,182,17,450.25
Mario Kasun,83.5,0,94,8,99
Mario West,31.25,0.3125,35.5,2,38.5
Mark Blount,445.6666667,0.27075,309.3333333,56.44444444,549
Mark Bryant,31.33333333,,28.33333333,1.666666667,29.33333333
Mark Jackson,411,0.2995,215,3,450.5
Mark Jones,31,0,13,2,23
Mark Madsen,92.66666667,0.25,128.5555556,11.33333333,108.3333333
Mark Pope,60.25,0.184,57.75,9.75,61
Mark Strickland,149.3333333,0.375,99.66666667,13,154.6666667
Markel Brown,179.6666667,0.26,78,9,194.6666667
Markelle Fultz,133,0.143,56.5,4.5,127.5
Markieff Morris,707,0.335125,386.75,41.25,821.25
Marko Jaric,420.5714286,0.351714286,171.4285714,18.28571429,456.1428571
Marquese Chriss,379.3333333,0.231,255.3333333,47.66666667,444.6666667
Marquis Daniels,393.3,0.2095,155.2,13.7,431.9
Marquis Teague,82.66666667,0.234,30,4,72.33333333
Marreese Speights,475,0.2464,287.5,35.6,559.2
Marshall Plumlee,16.5,,34,2.5,27
MarShon Brooks,274.2,0.3956,84.8,8.4,318.4
Martell Webster,406.2,0.3285,181.1,16,505.6
Martynas Andriuskevicius,1,,4,0,0
Marvin Bagley III,270,0.323,192,29,372
Marvin Williams,593.2857143,0.325642857,370.6428571,36.92857143,733.9285714
Mason Plumlee,420.5,0.041666667,451.5,69.16666667,612.1666667
Mateen Cleaves,99.83333333,0.299,29.16666667,0.833333333,101.5
Matt Barnes,456.2857143,0.303785714,305.7857143,31.71428571,542.0714286
Matt Bonner,314,0.41225,197.5833333,17.75,386
Matt Bullard,210,0.3425,88.5,5.5,229.5
Matt Carroll,249.6,0.324333333,86.3,6,301.3
Matt Costello,4,,9,2,4
Matt Freije,90.5,0.1975,42.5,1.5,66.5
Matt Geiger,116,0,72.5,5,108
Matt Harpring,632.8888889,0.256666667,348.8888889,11.66666667,802.3333333
Matt Maloney,186.5,0.346,62,2.5,196.5
Matt Walsh,1,,0,0,2
Matt Williams,6,0.2,1,0,5
Matthew Dellavedova,319,0.393166667,109.1666667,2.666666667,352.6666667
Maurice Ager,47.25,0.31025,11.5,1.5,42.25
Maurice Baker,1,,2,0,0
Maurice Carter,35,0.364,11,0,42
Maurice Evans,359,0.320888889,153.7777778,9.777777778,416.3333333
Maurice Harkless,382.2857143,0.314428571,227.8571429,42,454.8571429
Maurice Ndour,86,0.143,64,8,98
Maurice Taylor,493.3333333,0.0666,252.3333333,23.66666667,540.1666667
Maxi Kleber,251,0.314,192.5,47,313.5
Mehmet Okur,661.5,0.3561,443.6,45.3,856.1
Melvin Ely,189.1111111,0,135,23.22222222,221.3333333
Melvin Frazier,3,0,1,0,0
Melvin Sanders,33,0.667,23,0,41
Mengke Bateer,52,0.333,38,1.666666667,52
Metta World Peace,656.6875,0.3323125,258.75,30.1875,762
Meyers Leonard,239.7142857,0.346571429,201.5714286,16,295.5714286
Michael Beasley,598.1818182,0.341636364,257.2727273,28.09090909,682.2727273
Michael Bradley,91.4,0.09175,118.2,9.4,96.6
Michael Carter-Williams,520.6666667,0.2685,228.3333333,27.66666667,560.1666667
Michael Curry,209.8,0.30225,106,5.2,231
Michael Dickerson,364,0.373,82.33333333,9.666666667,404.6666667
Michael Doleac,254.5,0,184.125,19.75,251.625
Michael Finley,903.1,0.3796,283.9,19.1,1019.7
Michael Gbinije,10,0,3,0,4
Michael Hawkins,9,0.5,5,0,8
Michael Jordan,1425.5,0.24,418,32.5,1507.5
Michael Kidd-Gilchrist,415.2857143,0.208,325.7142857,41.71428571,505.5714286
Michael Olowokandi,422,,343,71.71428571,421.5714286
Michael Redd,783.75,0.32875,200.9166667,5.5,997.6666667
Michael Ruffin,62,0,172.75,20.875,69.625
Michael Smith,218,0,562,37,301
Michael Stewart,25.4,,35.6,7.2,25.8
Mickael Gelabale,186.6666667,0.324666667,110,11.66666667,223.3333333
Mickael Pietrus,382.1,0.349,172.3,23,462.9
Mickell Gladness,59,,58,20,56
Mikal Bridges,287,0.35,130,23,336
Mike Batiste,467,0.222,257,16,481
Mike Bibby,898,0.380666667,221.75,10.75,1070.5
Mike Conley,753.0833333,0.367833333,185.8333333,13,924.6666667
Mike Dunleavy,595.0666667,0.3738,280.7333333,21.6,736.5333333
Mike Hall,4,,2,0,2
Mike Harris,37.75,0,29,3,45.75
Mike James,419.4615385,0.363769231,108.7692308,3.461538462,476.8461538
Mike Miller,514.5294118,0.402705882,257.4117647,13.47058824,645.4705882
Mike Muscala,208.5,0.307166667,153,24.5,265.3333333
Mike Penberthy,112,0.396,32.5,1,136
Mike Scott,338.8571429,0.279142857,175.4285714,7.142857143,406.2857143
Mike Smith,59,0.167,22,3,51
Mike Sweetney,291,0,261.25,26.75,379
Mike Taylor,267,0.325,87,0,289
Mike Tobey,4,,3,0,2
Mike Wilks,77.14285714,0.390285714,32.57142857,1.428571429,84.42857143
Mikki Moore,196.6363636,0.116666667,189.3636364,25,275
Mile Ilic,3,,1,0,0
Miles Bridges,231,0.296,151,26,265
Miles Plumlee,197.2857143,,223.1428571,36.57142857,242.4285714
Milos Teodosic,200,0.3745,71,3,238.5
Milt Palacio,327,0.208333333,130,9.666666667,355.8333333
Milton Doyle,47,0.174,18,2,34
Mindaugas Kuzminskas,185.5,0.321,63,5.5,212.5
Miroslav Raduljica,67,,56.5,6.5,94.5
Mirza Teletovic,380.8333333,0.375833333,173.6666667,13.66666667,439.3333333
Mitch McGary,94,0,91.5,9,113.5
Mitch Richmond,375.5,0.314,101.5,6.5,429
Mitchell Butler,73.5,0.35,42.5,2.5,81.5
Mitchell Robinson,89,,109,51,131
Mo Williams,717.3846154,0.362846154,174.1538462,9.307692308,827.6153846
Mohamed Bamba,212,0.281,194,54,245
Monta Ellis,1057.333333,0.3075,239.5,23.41666667,1238.166667
Monte Morris,188,0.2145,56,1,217
Montrezl Harrell,353,0.1215,221,41.75,548.25
Monty Williams,268.6666667,0.025666667,174.3333333,12.66666667,328.6666667
Moochie Norris,302,0.2375,128,3,335.8333333
Mookie Blaylock,473.5,0.3405,162,12,439.5
Moritz Wagner,43,0.35,22,1,45
Morris Almond,37.66666667,0.292333333,15.33333333,1.333333333,39.66666667
Morris Peterson,597,0.339818182,225.7272727,12.36363636,693.4545455
Mouhamed Sene,27.33333333,,25,7.333333333,34.33333333
Muggsy Bogues,2,0,3,0,0
Mustafa Shakur,31,0.05,11,1.5,26
Mychel Thompson,24,0.364,5,1,18
Myke Henry,109,0.328,38,6,107
Myles Turner,609,0.32575,401.5,120.25,779
Nando De Colo,197,0.359,105.5,6,226.5
Nate Huffman,25,,23,3,23
Nate Robinson,528.2727273,0.325727273,131.4545455,3.818181818,618.8181818
Nate Wolters,150.6666667,0.145,61.66666667,5.666666667,153.6666667
Nathan Jawai,57.5,0,53,4.5,63
Naz Mitrou-Long,2.5,0.6665,0,0,4
Nazr Mohammed,302.6875,0,288.8125,38.9375,358.1875
Ndudi Ebi,17.5,0,9.5,2.5,20
Nemanja Bjelica,329,0.385,248,23.5,406.25
Nemanja Nedovic,39,0.167,15,1,26
Nenad Krstic,499,0.09,323,40.85714286,601.4285714
Nene,444.5882353,0.0708125,339.0588235,41.82352941,636.8235294
Nerlens Noel,358.2,0.166666667,358.6,74,452.8
Nick Anderson,66.5,0.2635,29,5,49
Nick Calathes,279,0.2835,121.5,6.5,295
Nick Collison,296.1428571,0.062666667,335.7857143,33.5,382.7857143
Nick Fazekas,82,0,89,11,107
Nick Johnson,75,0.238,39,3,74
Nick Van Exel,758.6666667,0.358,176.5,6.333333333,820.6666667
Nick Young,576.6666667,0.374333333,118.9166667,11.25,682.8333333
Nicolas Batum,648.6363636,0.362636364,351.8181818,42.54545455,792.9090909
Nicolas Brussino,71.5,0.1525,49,4,75
Nicolas Laprovittola,47,0.37,10,1,59
Nigel Hayes,33,0.25,22,3,27
Nik Stauskas,370,0.3526,128,15.4,427
Nikola Jokic,773.5,0.34375,628.5,49.25,1062
Nikola Mirotic,579.6,0.3544,359.6,42.6,734.6
Nikola Pekovic,422.8333333,,301.1666667,25.16666667,567.5
Nikola Vucevic,833.5,0.275857143,622.125,58.25,948.875
Nikoloz Tskitishvili,156.5,0.24175,76.75,12.5,126.75
Noah Vonleh,226.4,0.3376,290.6,23.8,265.2
Noel Felix,25,0.333,13,3,18
Nolan Smith,147,0.2515,41.5,2,138.5
Norm Richardson,26,0.5,8,0,30
Norman Powell,311.25,0.3365,111.5,11.5,365.25
Norris Cole,411.5,0.307666667,117,5.666666667,417.6666667
O.J. Mayo,818.375,0.36875,213.25,17.625,946.75
Obinna Ekezie,100.6666667,0,97,7.666666667,128.3333333
OG Anunoby,305,0.3545,151,12,366
Ognjen Kuzmic,12.5,,19,2.5,17.5
Okaro White,35,0.239,31.66666667,3.666666667,39.33333333
Olden Polynice,207.5,0,190,38.5,214.5
Oleksiy Pecherov,138,0.292666667,88.66666667,7.333333333,146
Oliver Lafayette,6,0.5,4,0,7
Oliver Miller,100,0,130,26,121
Olumide Oyedeji,33.66666667,,65.33333333,5,42.33333333
Omar Cook,25.5,0,6.5,0.5,18.5
Omari Johnson,21,0.333,11,0,22
Omari Spellman,145,0.347,109,19,166
Omer Asik,224.375,0,420.25,42.375,309.875
Omri Casspi,373.6,0.37,233.4,13.2,458.3
Orien Greene,82,0.135666667,48.75,3.75,81.5
Orlando Johnson,109,0.258,60,4.666666667,109.6666667
Oscar Torres,188.5,0.416,67,5.5,221
Othella Harrington,299.625,0,239.5,19.25,389.125
Othello Hunter,16,,18,3,16.5
Othyus Jeffers,33.33333333,0.125,31.66666667,0,46.33333333
Otis Thorpe,131,,145,7,138
Otto Porter,535.8333333,0.360166667,308.8333333,27.5,667.8333333
P.J. Brown,525.125,0,577.25,60.375,631.375
P.J. Hairston,338.5,0.2955,133,12,332
P.J. Tucker,433.625,0.356,388.5,18.25,505.625
Pablo Prigioni,196.5,0.3745,126.25,1.5,236.5
Pape Sow,63.33333333,,71.33333333,8,73
Pape Sy,6,0,3,0,7
Pascal Siakam,386.3333333,0.231,284.3333333,39.33333333,496
Pat Burke,162.6666667,0.234,88.66666667,13.33333333,156
Pat Connaughton,166.75,0.34625,86.75,9.75,186.25
Pat Garrity,348.5,0.362428571,146.5,10.25,390.625
Patricio Garino,7,0,7,0,0
Patrick Beverley,385.5714286,0.376714286,199.7142857,20.28571429,446.8571429
Patrick Christopher,12,0,6,0,6
Patrick Ewing,340.6666667,0,283.3333333,45.66666667,384.3333333
Patrick McCaw,159.6666667,0.273666667,61.66666667,8.333333333,172
Patrick O'Bryant,40,0,31.75,10,46.5
Patrick Patterson,415.4444444,0.285333333,281.8888889,31.44444444,471.2222222
Patty Mills,397.7,0.4015,93.7,4.5,470.5
Pau Gasol,871.3888889,0.302666667,624.7222222,107.6666667,1158.111111
Paul Davis,54.75,0,39.5,3.75,54.25
Paul George,957.4444444,0.374,400.2222222,28.33333333,1215.777778
Paul Grant,23,,17,1,25
Paul McPherson,216,0.167,79,4,262
Paul Millsap,759.3076923,0.263923077,517.8461538,72.61538462,990.9230769
Paul Pierce,1042.294118,0.367,401.2941176,37.23529412,1422.294118
Paul Shirley,12.66666667,0,6.333333333,0.333333333,11
Paul Zipser,227.5,0.3345,128,15.5,229
Pavel Podkolzin,1,,4.5,0.5,2
Peja Stojakovic,875.3636364,0.404727273,305.7272727,8.363636364,1124.363636
Pepe Sanchez,16.5,0,10.5,0.5,10
Pero Antic,295,0.314,199,13,354
Perry Jones,154.6666667,0.198,84,11,162.6666667
Pervis Ellison,7,,12,2,6
Peter John Ramos,10,,4,1,11
Peyton Siva,57,0.28,14,1,54
Phil Pressey,168.3333333,0.244,72,5,155.6666667
Pierre Jackson,39,0.273,9,0,35
PJ Dozier,4,0.5,2.5,0,4.5
Popeye Jones,181.25,0.2655,214.5,7,192.25
Pops Mensah-Bonsu,39,0,45,3.5,45.25
Predrag Drobnjak,531.25,0.25275,243.25,29.25,546.75
Predrag Savovic,93,0.154,25,1,83
Primoz Brezec,254.25,0.111,165.875,16.75,306.5
Quentin Richardson,566.1538462,0.339615385,282,11.38461538,617.8461538
Quincy Acy,185.7142857,0.316428571,165,18.71428571,232.2857143
Quincy Douby,190.3333333,0.296,50.66666667,7,196
Quincy Lewis,95.33333333,0.309,32.33333333,7,94.66666667
Quincy Miller,102,0.162,56.33333333,12.33333333,98.33333333
Quincy Pondexter,189.7142857,0.320857143,89.71428571,7,225.1428571
Quinn Cook,189,0.430666667,59.33333333,1.333333333,230.6666667
Quinton Ross,260.5714286,0.206285714,135.2857143,18.42857143,266.1428571
Qyntel Woods,155.25,0.348333333,96.25,7,172.75
R.J. Hunter,39.66666667,0.172,14.33333333,1.333333333,38.66666667
Raef LaFrentz,471.625,0.275375,336.375,90.25,564.75
Rafael Araujo,128.3333333,0.1665,131.6666667,5.333333333,129.6666667
Rafer Alston,629.6,0.3491,186.8,10.5,673.9
Raja Bell,495.75,0.388166667,164,10.83333333,583.1666667
Rajon Rondo,575.0769231,0.287769231,292.9230769,8.153846154,635.4615385
Rakeem Christmas,22.5,,28.5,3,31.5
Ramon Sessions,503.5454545,0.290272727,167.2727273,4.727272727,649.1818182
Randolph Morris,30.5,,26,1.75,35
Randy Brown,93.66666667,0,41.66666667,4.333333333,88
Randy Foye,613.6363636,0.361454545,153.2727273,20,702.6363636
Randy Holcomb,1,,1,0,2
Randy Livingston,18.14285714,0.1875,7.142857143,0.571428571,17
Rashad McCants,536,0.34475,126.5,15.25,619.75
Rashad Vaughn,159.3333333,0.330666667,52.66666667,9.666666667,141
Rashard Lewis,847.2142857,0.374857143,362.2857143,36,1061.285714
Rasheed Wallace,898.8181818,0.337090909,490.6363636,99.81818182,1030.545455
Rasho Nesterovic,467.6,0.047571429,375.6,84.9,504
Rasual Butler,437.3846154,0.358230769,148.7692308,31.38461538,468.6153846
Ratko Varda,3,,1,0,5
Raul Lopez,326,0.369,97,2.5,366.5
Raul Neto,182.5,0.36375,57,2.75,213.25
Rawle Alkins,4,1,3,0,3
Rawle Marshall,74.5,0.2775,30,6,85
Ray Allen,1046.285714,0.404071429,283.5714286,14,1366.857143
Ray McCallum,305.3333333,0.345333333,102,9,306.6666667
Ray Spalding,0,,0,0,0
Raymond Felton,707.1428571,0.315785714,203.8571429,14.64285714,770.0714286
Reece Gaines,49.33333333,0.195333333,17.66666667,1,41
Reggie Bullock,216.6666667,0.378166667,79.5,4.333333333,260
Reggie Evans,183,0.142857143,443.4615385,8.846153846,253
Reggie Hearn,2,0.5,0,0,3
Reggie Jackson,677.25,0.303875,183.25,7.25,773.625
Reggie Miller,807.8,0.37,204,9,1097.4
Reggie Slater,80,,75.33333333,3.666666667,118.6666667
Reggie Williams,187.5714286,0.334571429,70.42857143,1.857142857,228.2857143
Renaldo Balkman,120.1666667,0.212666667,128.1666667,17.33333333,149
Renaldo Major,10,,2,0,5
Richard Hamilton,975.6153846,0.342923077,209.4615385,9.615384615,1159.153846
Richard Jefferson,653.0588235,0.349588235,277.6470588,20.41176471,876.7058824
Richaun Holmes,271.5,0.220666667,213,43.25,378
Richie Frahm,108.25,0.34175,41,2.5,125.5
Rick Brunson,136.3333333,0.431166667,59,2.833333333,140
Rick Fox,514.5,0.33175,284.75,17,574
Ricky Davis,802.3,0.4187,238.3,17.2,947.6
Ricky Ledo,56.5,0.3725,19,0.5,54.5
Ricky Rubio,538.5,0.3175,248.875,8.125,646.625
Rob Kurz,131,0.395,81,19,157
Robbie Hummel,174.5,0.337,133,5.5,189.5
Robert Archibald,26.5,,34.5,3,25.5
Robert Covington,568.6666667,0.361833333,300.3333333,43.16666667,692.5
Robert Hite,60,0.217,16,2,51
Robert Horry,337.625,0.339875,301.125,53,377.875
Robert Pack,168.75,0.212333333,57.25,0.5,183.75
Robert Sacre,182.25,0,148.25,27.5,196.75
Robert Swift,85,,94,21.5,104
Robert Traylor,290.2,0.3466,268.6,47.4,333.8
Robert Whaley,57,,43,8,49
Robert Williams,35,,55,29,58
Robin Lopez,464.3636364,0.081714286,349.9090909,79.90909091,585.4545455
Rod Strickland,363.4,0.2824,129.8,7,404.4
Rodions Kurucs,196,0.355,101,9,261
Rodney Buford,344.75,0.24475,137.5,5.75,331.25
Rodney Carney,319.8,0.353,117.6,20,355.6
Rodney Hood,627,0.3706,168.2,11,734.6
Rodney McGruder,295.6666667,0.380333333,150.3333333,9.666666667,327.6666667
Rodney Purvis,107,0.25,27,3,96
Rodney Rogers,608.4,0.3236,304.6,30.8,675.2
Rodney Stuckey,687,0.284,191.2,9.4,818.5
Rodney White,363.75,0.31,121.25,16.25,385
Rodrigue Beaubois,285.75,0.3225,84.5,13,321.5
Roger Mason,293.3,0.3658,89.7,7.5,328.9
Roger Powell,3,0,3,0,2
Roko Ukic,177,0.2135,39,1,170.5
Ron Baker,98.66666667,0.225666667,46.33333333,5,100
Ron Harper,271,0.264,166,25,307
Ron Mercer,574.2,0.2136,131.4,12.2,565
Ronald Dupree,85,0.236,56.5,4.833333333,92.5
Ronald Murray,545,0.26075,125.75,12.5,602.125
Rondae Hollis-Jefferson,427,0.24825,315.25,31.5,531.25
Ronnie Brewer,396.125,0.20775,178.375,15,492.5
Ronnie Price,165,0.278833333,54.83333333,4.666666667,167.9166667
Ronny Turiaf,160.7,0,175.7,59.3,220.9
Roshown McLeod,332,0.091,120,8,337
Roy Hibbert,626.7777778,0.164285714,463.6666667,127.3333333,734.5555556
Royal Ivey,153.1,0.3313,55.7,3.8,164.1
Royce O'Neale,222.5,0.3765,187,13,267
Royce White,1,,0,0,0
Ruben Boumtje-Boumtje,12.66666667,,19,5.666666667,14.33333333
Ruben Garces,22,,29,2,16
Ruben Patterson,558.5,0.11725,279.125,25.75,743.25
Ruben Wolkowyski,41.5,0,23.5,9,40
Rudy Fernandez,463.25,0.354,152,10,563.5
Rudy Gay,962.0769231,0.350230769,382.5384615,51.92307692,1153.076923
Rudy Gobert,384.1666667,0,635.1666667,133,650.6666667
Russ Smith,23.5,0.191,7.5,0.5,26.5
Russell Westbrook,1314.454545,0.295272727,483.7272727,20.72727273,1628.272727
Rusty LaRue,94,0.67,26,3.5,98.5
Ryan Anderson,592.4545455,0.364818182,308.8181818,19.72727273,726.2727273
Ryan Arcidiacono,126,0.34,65.5,1,162.5
Ryan Bowen,119.4444444,0.228166667,105.1111111,13.88888889,132
Ryan Broekhoff,35,0.333,15,2,43
Ryan Gomes,531.125,0.283375,279.875,9.75,615.75
Ryan Hollins,117.7,0,114,27.1,191.3
Ryan Humphrey,75.66666667,0,63,6.333333333,65.66666667
Ryan Kelly,214.25,0.30225,126,21,245.25
Ryan Reid,5,,2,0,8
Salah Mejri,93.5,0.08325,176.25,41.25,145.75
Salim Stoudamire,365.6666667,0.360666667,71.33333333,3.333333333,420
Sam Cassell,964.625,0.330125,245.25,11.375,1181.875
Sam Dekker,209,0.273666667,136.25,8.5,246
Sam Jacobson,18,,6,0,20
Sam Mack,49,0.25,14,1,40
Sam Mitchell,258,0.2475,102.5,7,264.5
Sam Perkins,226,0.345,168,18,242
Sam Young,316.5,0.2845,143.25,14.25,359
Samaki Walker,170.5,0.111,204.1666667,33.83333333,201.3333333
Samardo Samuels,177.3333333,0,122,13.66666667,212.6666667
Samuel Dalembert,414.8461538,0.111111111,534,118.9230769,524.1538462
Sarunas Jasikevicius,375.5,0.351,111,2.5,466.5
Sasha Kaun,17,,26,5,23
Sasha Pavlovic,265.1,0.3411,100,9.8,278.7
Sasha Vujacic,275.7,0.364,109.3,3.4,309.4
Scot Pollard,165.5,0,223.875,33.125,204.875
Scott Burrell,15,0.333,3,0,17
Scott Machado,6,0,1,0,8
Scott Padgett,216.8571429,0.392142857,162.7142857,11.14285714,250.5714286
Scott Williams,219.4,0.1834,185.6,21.6,221.8
Scottie Pippen,483,0.3015,250,26,551.25
Scotty Hopson,2.5,0,0,0,1
Sean Colson,24,0.2,6,0,15
Sean Elliott,339,0.426,170,25,409
Sean Kilpatrick,285.2,0.3412,90.8,3.2,351
Sean Lampley,74.5,0,47,2,101.5
Sean Marks,62.66666667,0.207142857,55.33333333,9.555555556,68.77777778
Sean May,177,0.41675,120.25,11.75,205.25
Sean Rooks,259.25,0.166666667,185,34.75,266.75
Sean Singletary,85,0.4,35,0,90
Sean Williams,112,0,118,40.5,145.25
Sebastian Telfair,395.3,0.3072,89.8,7.5,418.3
Semaj Christon,223,0.19,87,7,183
Semi Ojeleye,146.5,0.2995,108.5,3,154.5
Semih Erden,92.5,,95,14.5,131
Serge Ibaka,716.1,0.3323,518.8,158,883.8
Sergei Monia,87,0.265,52,5,77
Sergey Karasev,81,0.268,46.66666667,1.333333333,95.66666667
Sergio Rodriguez,330.2,0.3234,105,2.6,349.4
Seth Curry,226,0.4722,58.6,2.8,286
Shabazz Muhammad,397.6,0.3102,154,4.8,500.8
Shabazz Napier,275.4,0.3614,91.6,6,324.2
Shai Gilgeous-Alexander,332,0.371,118,27,414
Shake Milton,32,0.412,15,3,37
Shammond Williams,291.6,0.3776,93.2,2.8,332.8
Shandon Anderson,401.1666667,0.2725,221.6666667,18.66666667,470.6666667
Shane Battier,524.5384615,0.380923077,314,69.69230769,646.7692308
Shane Edwards,3,,2,0,2
Shane Heal,24,0.222,4,0,22
Shane Larkin,322.5,0.33475,122.5,6,349.75
Shannon Brown,317.1111111,0.300333333,84.44444444,10,346.4444444
Shaquille Harrison,159,0.243,79.5,9.5,178.5
Shaquille O'Neal,840.6363636,0,589.4545455,117.8181818,1264.454545
Shareef Abdur-Rahim,848,0.266428571,488,42.625,1111.25
Sharrod Ford,3,,3,1,4
Shaun Livingston,309.4285714,0.155538462,138.3571429,21.42857143,365
Shavlik Randolph,35.875,0.5,45.375,4.75,42.5
Shawn Bradley,271.8,0.04175,329.4,119.8,353.4
Shawn Kemp,441.6666667,0.121333333,332.6666667,29.66666667,477.3333333
Shawn Long,109,0.368,85,9,148
Shawn Marion,972.3333333,0.294533333,651.2666667,78.66666667,1145.333333
Shawne Williams,230.2857143,0.295142857,135,22.28571429,252.7142857
Shawnelle Scott,58,,76.5,6,62.5
Shayne Whittington,26.5,0.0835,20.5,1.5,34
Shelden Williams,212.6666667,0.125,260.3333333,27.33333333,269.6666667
Sheldon Mac,75,0.233,34,2,90
Shelvin Mack,330.125,0.330125,108.75,2.875,361.75
Sherman Douglas,303,0.2,74,4,338
Sherron Collins,25,0.2,5,0,17
Sim Bhullar,2,,1,1,2
Sindarius Thornwell,129.5,0.251,82,13.5,156.5
Skal Labissiere,234.3333333,0.342666667,156.6666667,21.33333333,281.6666667
Slavko Vranes,1,,0,0,0
Smush Parker,425.8,0.303,131.8,8.8,493.8
Solomon Alabi,25.5,,30.5,5.5,19.5
Solomon Hill,250.3333333,0.3015,159,11.83333333,287.3333333
Solomon Jones,80.625,0.1,81.75,19.25,104.875
Sonny Weems,276.5,0.1945,100.5,7,297.25
Soumaila Samake,36,,38,9.5,34
Speedy Claxton,393.2857143,0.161166667,118.5714286,5.714285714,442.2857143
Spencer Dinwiddie,379.4,0.271,119.8,12.6,478.6
Spencer Hawes,536.3,0.3097,389.3,65.2,593.2
Stacey Augmon,228.8333333,0.03575,138.1666667,11.83333333,256.8333333
Stanislav Medvedenko,187.2857143,0.25,106.2857143,6,198.5714286
Stanley Johnson,454.5,0.28825,220,15,457.75
Stephane Lasme,71,,53,22,83
Stephen Curry,1115.5,0.4392,292.9,14.1,1537.6
Stephen Graham,141.3333333,0.305666667,70.66666667,3.166666667,161
Stephen Jackson,793.7142857,0.304857143,237.7142857,22.64285714,926.8571429
Stephen Zimmerman,31,,35,5,23
Stephon Marbury,1001.777778,0.319888889,191.1111111,8,1234
Sterling Brown,180.5,0.3575,119,8,199.5
Steve Blake,395.7692308,0.379,139.6923077,4.846153846,435.5384615
Steve Francis,893.75,0.322375,350.75,24.25,1132.25
Steve Goodrich,14,0.333,13,1.5,12
Steve Kerr,210.6666667,0.406,51.66666667,1.666666667,249.6666667
Steve Nash,818.2857143,0.421071429,227.4285714,6.642857143,1120.5
Steve Novak,156.0909091,0.405090909,53.72727273,3.454545455,197.9090909
Steve Smith,460.4,0.3868,142,12.2,606.4
Steven Adams,470,0,517.8333333,70.16666667,674.1666667
Steven Hill,1,,3,0,2
Steven Hunter,164.125,0,158,52.75,227.125
Steven Smith,8,,6,0,5
Stromile Swift,402.5555556,0.138888889,281.6666667,75.88888889,509.1111111
Sun Yue,11,0,0,1,6
Sundiata Gaines,152.6666667,0.282333333,58.33333333,1,169.3333333
Sviatoslav Mykhailiuk,92,0.344,19,0,93
T.J. Ford,527.875,0.2635,166.375,6.875,599.625
T.J. Leaf,98.5,0.3145,62.5,3,112.5
T.J. McConnell,400.75,0.32575,202.5,10.75,446.5
T.J. Warren,619.6,0.3108,212.6,26,740.4
Taj Gibson,565.5,0.130142857,456.2,79.1,692.6
Tamar Slay,67.33333333,0.26,23.33333333,1.333333333,57.66666667
Tang Hamilton,19,0,18,0,20
Tarence Kinsey,137,0.367,49,0.333333333,170.3333333
Tarik Black,199.5,0.197,257.75,29,268.75
Tariq Abdul-Wahad,105.3333333,0.3,61,8.666666667,101
Taurean Green,25,0.182,10,0,27
Taurean Prince,508.3333333,0.361666667,212.3333333,25.33333333,607.6666667
Taylor Griffin,10,0,2,2,10
Tayshaun Prince,720.1428571,0.359285714,309.4285714,35.71428571,805.1428571
Terence Morris,171.3333333,0.137,125.6666667,16.33333333,157.3333333
Terrance Ferguson,170,0.3445,55.5,10,188.5
Terrance Roberson,2,0,1,0,0
Terrel Harris,55,0.1025,38.5,2.5,47.5
Terrell Brandon,749.5,0.2685,195.5,13.5,823.5
Terrence Jones,392.8,0.298,266,54,485.8
Terrence Ross,576,0.365571429,174.5714286,21.42857143,646.7142857
Terrence Williams,265.25,0.316,136.25,4.75,271.25
Terry Davis,25,,53,1,33
Terry Mills,34,0.176,21,1,25
Terry Porter,380.5,0.4195,182.5,13.5,486
Terry Rozier,417.75,0.316,209.5,10.75,437
Thabo Sefolosha,314.0769231,0.351538462,239.1538462,26.92307692,368.5384615
Thaddeus Young,829.5,0.293166667,427.0833333,29.16666667,962.0833333
Thanasis Antetokounmpo,4,0,1,0,6
Theo Pinson,20,0.091,10,0,19
Theo Ratliff,216.0909091,0,241.2727273,105.7272727,271.2727273
Theron Smith,89.5,0.375,78.5,4.5,74.5
Thomas Bryant,104,0.2165,98.5,14.5,163.5
Thomas Gardner,29.5,0.212,5.5,0.5,22.5
Thomas Robinson,272.2,0,301.4,22.2,305.6
Thomas Welsh,10,0.429,4,0,14
Thon Maker,210,0.336333333,143.6666667,32.33333333,248.6666667
Tiago Splitter,276,0.0666,254.1428571,29.85714286,402.2857143
Tibor Pleiss,25,0,15,2,24
Tierre Brown,131.5,0.231333333,41.5,1,131.75
Tim Duncan,1057.5625,0.1498125,789.0625,157.6875,1372.8125
Tim Frazier,200.4,0.3254,104.2,3.6,224
Tim Hardaway,570.3333333,0.356,114.3333333,5.333333333,617
Tim Hardaway Jr.,678.8333333,0.344,157.1666667,9.666666667,811
Tim James,32.5,0.333,21,3,28.5
Tim Ohlbrecht,3,,1,0,3
Tim Quarterman,16,0.1925,8.5,1.5,17.5
Tim Thomas,620.6,0.3776,263.3,24,730.6
Timofey Mozgov,287.625,0.144166667,278.125,47.875,384
Timothe Luwawu-Cabarrot,223.3333333,0.291,79.33333333,5.333333333,259.6666667
Tito Maddox,12,0,7,1,11
Tobias Harris,772.5,0.34125,368.75,30.375,960.625
Todd Day,118,0.377,37,7,132
Todd Fuller,35,,18,2,28
Todd MacCulloch,296,,247.3333333,46.66666667,387.6666667
Tom Gugliotta,251.4,0.2282,190.8,17,235.2
Tom Hammonds,10,,4,0,7
Tomas Satoransky,256,0.366666667,146,9.333333333,329.6666667
Toney Douglas,338.125,0.315125,109.375,3.75,376.125
Toni Kukoc,453.8333333,0.346166667,220.6666667,18,544
Tony Allen,389.0714286,0.260357143,206,24.07142857,475.2857143
Tony Battie,283.6363636,0.141909091,293.2727273,45.72727273,332.9090909
Tony Bobbitt,5,0.5,3,0,5
Tony Bradley,7,0,7,0,4
Tony Delk,501.1666667,0.352333333,156.3333333,8,550.3333333
Tony Massenburg,236.2,0.5,208.2,23.2,271.2
Tony Mitchell,8.5,0.5,13.5,1.5,14
Tony Parker,870.8888889,0.322277778,187.1111111,5.333333333,1071.722222
Tony Smith,23,0,3,0,17
Tony Snell,371.1666667,0.376333333,163.3333333,15.66666667,432.5
Tony Wroten,348.25,0.225,90.75,7,401
Tornike Shengelia,25.5,0.25,19.5,1,29.5
Torraye Braggs,20,,25.5,1,23
Torrey Craig,168.5,0.2885,141,17.5,192
Toure' Murry,67,0.417,22.5,0.5,73
Tracy McGrady,1134.333333,0.343916667,352.3333333,44.08333333,1354.916667
Tracy Murray,134.5,0.3365,40.5,4.5,138.25
Trae Young,614,0.295,138,11,704
Trajan Langdon,244.5,0.388,72,7,299
Travis Best,502.6,0.3046,139,7.6,557.4
Travis Diener,153.6,0.33,48.6,1.8,170.8
Travis Hansen,130,0.3,70,9,123
Travis Knight,77,0,73,10,62.33333333
Travis Leslie,14,,9,2,14
Travis Outlaw,428.4545455,0.3287,179.4545455,34.63636364,479.3636364
Travis Wear,140.5,0.3645,72,8,137
Tremaine Fowlkes,64.25,0.226666667,57,1.5,75.25
Trenton Hassell,386.6666667,0.233777778,202.8888889,30.22222222,415.6666667
Treveon Graham,100.3333333,0.375666667,54,2,116.3333333
Trevor Ariza,588.3333333,0.3026,315.9333333,20.33333333,692.6666667
Trevor Booker,375.375,0.212625,366.5,34.625,459.875
Trey Burke,578.8333333,0.3565,116.6666667,6.333333333,602.5
Trey Gilder,1,,1,0,2
Trey Johnson,17.33333333,0.333,6.666666667,0.333333333,19.66666667
Trey Lyles,439.75,0.33275,264.25,22.75,505.75
Trey McKinney-Jones,0,,0,0,0
Trey Thompkins,61,0.308,24,3,57
Tristan Thompson,488.125,0,594.875,49.625,635.25
Troy Bell,18,0,4,0,11
Troy Brown Jr.,52,0.364,27,1,55
Troy Caupain,4,0.5,2,0,5
Troy Daniels,260.1666667,0.419166667,57.66666667,2.333333333,307.1666667
Troy Hudson,446.625,0.343375,84,3.5,488.875
Troy Murphy,533.3333333,0.33925,475.6666667,24.5,655
Troy Williams,121,0.306666667,62.33333333,7.333333333,140.3333333
Ty Lawson,678,0.357875,188.25,6.5,872.125
Tyler Cavanaugh,76.5,0.18,64,2,91.5
Tyler Davis,1,,1,0,0
Tyler Dorsey,232.5,0.292,85.5,3,243
Tyler Ennis,190.75,0.312,62.5,4.5,194.75
Tyler Hansbrough,308,0.115714286,258.2857143,13,411.5714286
Tyler Honeycutt,17.5,0.1665,12,2,14
Tyler Johnson,452.6,0.3752,166.4,23.6,546.6
Tyler Lydon,5,0.667,5.5,0,9.5
Tyler Ulis,329.3333333,0.277,74.33333333,4,332.6666667
Tyler Zeller,375,0.08925,298.6666667,39.66666667,470.8333333
Tyreke Evans,769.3,0.31,262.7,21.4,903.3
Tyrone Corbin,38,0,13,0,20
Tyrone Hill,270,0,340,16.75,314.5
Tyrone Nesby,475.5,0.2745,245.5,21,477.5
Tyrone Wallace,186.5,0.1705,80.5,10,211.5
Tyronn Lue,437.2222222,0.393666667,102.7777778,1.111111111,509.6666667
Tyrus Thomas,327.5,0.172571429,242.25,65.625,386.625
Tyshawn Taylor,89,0.356,16.5,0.5,87
Tyson Chandler,329.5,0,574.8888889,73.33333333,524.7777778
Tyus Edney,91,0.167,24,0,106
Tyus Jones,225.5,0.326,79.5,4.25,253.75
Udonis Haslem,335.125,0.048444444,357.25,15.5625,405.625
Uros Slokar,26,0.5,14,2,38
Vander Blue,13,0.066666667,4.333333333,0,10
Vassilis Spanoulis,72,0.172,22,1,85
Vernon Macklin,35,,34,4,46
Vernon Maxwell,223,0.306,66,3,201
Viacheslav Kravtsov,30.5,,31,5,48.5
Victor Alexander,51,0,29,1,40
Victor Claver,83.66666667,0.333,59.33333333,5.333333333,86
Victor Oladipo,965.8333333,0.348166667,307.3333333,33.16666667,1162.666667
Viktor Khryapa,141.75,0.17425,123,12,160.75
Vin Baker,361.1666667,0.1042,219.3333333,29.83333333,427.3333333
Vince Carter,966.3684211,0.368368421,297.1578947,35.84210526,1165.210526
Vince Edwards,2,0.5,1,0,3
Vince Hunter,5,,3,1,6
Vincent Yarbrough,428,0.269,162,33,406
Vinny Del Negro,119,0.077,41,1.5,128
Vitaly Potapenko,212.2857143,0,194.8571429,11.71428571,248.2857143
Vitor Faverani,147,0.3,128,27,164
Vlade Divac,565,0.22775,482.6,74,698.2
Vladimir Radmanovic,431.4166667,0.359083333,232,21.91666667,489.9166667
Vladimir Stepania,216.75,0.375,264.5,27.5,229
Von Wafer,154.6666667,0.215,39,3.166666667,175.6666667
Vonteego Cummings,352,0.2985,94.5,9.5,337.5
Voshon Lenard,595.6666667,0.357,146.5,13.33333333,656.8333333
Wade Baldwin,54,0.407333333,21,3.333333333,56.66666667
Walker Russell,95,0.308,26,1,84
Wally Szczerbiak,724.8888889,0.406777778,258.8888889,15.22222222,927.7777778
Walt Lemon Jr.,16,1,2,1,17
Walt Williams,416.6666667,0.398333333,204.6666667,21.33333333,470.6666667
Walter Herrmann,227,0.372,106.3333333,4,273
Walter McCarty,263.5,0.341833333,157,14,299
Walter Sharpe,11,0,3,2,8
Wang Zhizhi,102.2,0.3414,46.2,7,120.8
Wayne Ellington,438.6,0.3795,135.1,4.5,489.8
Wayne Selden,169,0.325333333,40.66666667,4,197
Wayne Simien,71.5,,49.5,0.5,84.5
Wendell Carter Jr.,371,0.188,307,58,455
Wesley Iwundu,178.5,0.237,102.5,9.5,193.5
Wesley Johnson,442.4444444,0.336333333,211.7777778,44.11111111,466.3333333
Wesley Matthews,767.2,0.384,215.7,13.7,955.1
Wesley Person,475.4,0.4284,163.2,16,563.8
Will Barton,506.1428571,0.328142857,221.1428571,22.42857143,597.2857143
Will Blalock,30,0.2,15,0,25
Will Bynum,316.125,0.22475,70.125,3.625,365.125
Will Cherry,19,0.222,5,1,15
Will Conroy,7.333333333,0,3.666666667,0,2.333333333
Will Perdue,9,,18,2,14
Will Solomon,288,0.305,66,5.5,292
William Avery,117,0.221,26.5,2,112.5
Willie Cauley-Stein,521,0.3125,398.25,51.5,650.75
Willie Green,473.5,0.358333333,108.5833333,9,504.9166667
Willie Reed,179.6666667,0.375,191.6666667,33,250.3333333
Willie Warren,35,0.333,12,0,37
Willy Hernangomez,271.6666667,0.382,290,21.33333333,366.3333333
Wilson Chandler,644.5454545,0.332909091,304.0909091,35.81818182,739.4545455
Xavier Henry,181.4,0.31,70.2,4.6,210
Xavier Munford,41.5,0.1955,16,1.5,41.5
Xavier Rathan-Mayes,42,0.071,5,3,29
Xavier Silas,9,0.0835,3,0,5.5
Yakhouba Diawara,163.25,0.2715,64.5,4,163.75
Yao Ming,805.625,0.25,561.75,115,1155.875
Yaroslav Korolev,23,0.243,8,0,19.5
Yi Jianlian,402.4,0.3052,267.8,36.8,429.6
Yogi Ferrell,429.3333333,0.376,136.3333333,7,500.3333333
Yuta Tabuse,6,1,4,0,7
Yuta Watanabe,7,0,6,1,8
Zabian Dowdell,125,0.3,20,2,121
Zach Collins,265.5,0.3175,207.5,35,307
Zach LaVine,677.2,0.3628,172,11.6,820
Zach Lofton,1,0,0,0,0
Zach Randolph,927.8823529,0.215625,600.4705882,17.70588235,1092.823529
Zan Tabak,186,,213,30,216
Zarko Cabarkapa,182.6666667,0.266333333,104,8.333333333,213.3333333
Zaza Pachulia,341.75,0,387,23.0625,455.5
Zeljko Rebraca,185.2,,137.6,32,255.2
Zendon Hamilton,66.66666667,,77.33333333,4.666666667,97.5
Zhou Qi,16.5,0.105,11,7,12
Zoran Dragic,30,0.214,8,0,28
Zoran Planinic,162,0.296,66,2.333333333,187
Zydrunas Ilgauskas,719,0.130454545,493.0909091,107.7272727,887.3636364
Grand Total,416.2642194,0.281961758,214.8410378,24.87593474,504.1835486
